Force (N),Position (mm),Stress (MPa),Strain (%),InFill %,InFill Type,Mesh Type,No of Mesh Layers,Base Material
0.742,0,0.0108,0,15,Hex,Without mesh,0,PTA
0.782,0,0.0114,0,15,Hex,Without mesh,0,PTA
0.782,0,0.0114,0,15,Hex,Without mesh,0,PTA
0.755,0,0.011,0,15,Hex,Without mesh,0,PTA
0.755,0,0.011,0,15,Hex,Without mesh,0,PTA
0.664,0,0.00963,0,15,Hex,Without mesh,0,PTA
0.99,0,0.0144,0,15,Hex,Without mesh,0,PTA
0.444,0,0.00644,0,15,Hex,Without mesh,0,PTA
1.01,0,0.0147,0,15,Hex,Without mesh,0,PTA
1.05,0,0.0152,0,15,Hex,Without mesh,0,PTA
0.888,0,0.0129,0,15,Hex,Without mesh,0,PTA
0.671,0,0.00974,0,15,Hex,Without mesh,0,PTA
0.793,0,0.0115,0,15,Hex,Without mesh,0,PTA
0.853,0,0.0124,0,15,Hex,Without mesh,0,PTA
0.899,0,0.013,0,15,Hex,Without mesh,0,PTA
0.582,0,0.00844,0,15,Hex,Without mesh,0,PTA
1.09,0,0.0158,0,15,Hex,Without mesh,0,PTA
0.865,0,0.0126,0,15,Hex,Without mesh,0,PTA
1.07,0,0.0155,0,15,Hex,Without mesh,0,PTA
0.752,0,0.0109,0,15,Hex,Without mesh,0,PTA
0.928,0,0.0135,0,15,Hex,Without mesh,0,PTA
0.963,0,0.014,0,15,Hex,Without mesh,0,PTA
1.1,0,0.0159,0,15,Hex,Without mesh,0,PTA
0.714,0,0.0104,0,15,Hex,Without mesh,0,PTA
1,0,0.0146,0,15,Hex,Without mesh,0,PTA
0.836,0,0.0121,0,15,Hex,Without mesh,0,PTA
0.809,0.0001,0.0117,0.0002,15,Hex,Without mesh,0,PTA
2.58,0.00238,0.0374,0.00476,15,Hex,Without mesh,0,PTA
4.2,0.00479,0.061,0.00958,15,Hex,Without mesh,0,PTA
6.29,0.00741,0.0912,0.0148,15,Hex,Without mesh,0,PTA
7.99,0.00992,0.116,0.0198,15,Hex,Without mesh,0,PTA
9.84,0.0123,0.143,0.0247,15,Hex,Without mesh,0,PTA
11.9,0.0149,0.173,0.0299,15,Hex,Without mesh,0,PTA
14,0.0176,0.203,0.0351,15,Hex,Without mesh,0,PTA
16.5,0.0202,0.239,0.0404,15,Hex,Without mesh,0,PTA
18.5,0.0227,0.269,0.0454,15,Hex,Without mesh,0,PTA
20.4,0.0252,0.296,0.0504,15,Hex,Without mesh,0,PTA
22.6,0.0279,0.328,0.0558,15,Hex,Without mesh,0,PTA
24.6,0.0304,0.358,0.0609,15,Hex,Without mesh,0,PTA
26.9,0.033,0.39,0.0661,15,Hex,Without mesh,0,PTA
28.6,0.0356,0.416,0.0711,15,Hex,Without mesh,0,PTA
30.8,0.0381,0.447,0.0761,15,Hex,Without mesh,0,PTA
31.6,0.0401,0.459,0.0801,15,Hex,Without mesh,0,PTA
34.5,0.0434,0.501,0.0868,15,Hex,Without mesh,0,PTA
36.7,0.0458,0.533,0.0916,15,Hex,Without mesh,0,PTA
38.6,0.0483,0.56,0.0966,15,Hex,Without mesh,0,PTA
40.4,0.0507,0.586,0.101,15,Hex,Without mesh,0,PTA
42.3,0.0533,0.614,0.107,15,Hex,Without mesh,0,PTA
43.9,0.0559,0.638,0.112,15,Hex,Without mesh,0,PTA
47.7,0.0609,0.693,0.122,15,Hex,Without mesh,0,PTA
47.8,0.061,0.694,0.122,15,Hex,Without mesh,0,PTA
49.9,0.0635,0.725,0.127,15,Hex,Without mesh,0,PTA
51.4,0.066,0.746,0.132,15,Hex,Without mesh,0,PTA
53.6,0.0686,0.778,0.137,15,Hex,Without mesh,0,PTA
55.3,0.0712,0.803,0.142,15,Hex,Without mesh,0,PTA
57.4,0.0737,0.833,0.147,15,Hex,Without mesh,0,PTA
59.2,0.0761,0.859,0.152,15,Hex,Without mesh,0,PTA
61.1,0.0787,0.886,0.157,15,Hex,Without mesh,0,PTA
63,0.0813,0.914,0.163,15,Hex,Without mesh,0,PTA
64.7,0.0839,0.939,0.168,15,Hex,Without mesh,0,PTA
66.9,0.0863,0.97,0.173,15,Hex,Without mesh,0,PTA
68.6,0.0889,0.995,0.178,15,Hex,Without mesh,0,PTA
70.6,0.0913,1.02,0.183,15,Hex,Without mesh,0,PTA
72.3,0.094,1.05,0.188,15,Hex,Without mesh,0,PTA
74.2,0.0965,1.08,0.193,15,Hex,Without mesh,0,PTA
76.1,0.099,1.1,0.198,15,Hex,Without mesh,0,PTA
77.6,0.101,1.13,0.203,15,Hex,Without mesh,0,PTA
79.7,0.104,1.16,0.208,15,Hex,Without mesh,0,PTA
81.5,0.107,1.18,0.213,15,Hex,Without mesh,0,PTA
83.3,0.109,1.21,0.218,15,Hex,Without mesh,0,PTA
85.2,0.112,1.24,0.223,15,Hex,Without mesh,0,PTA
86.8,0.114,1.26,0.228,15,Hex,Without mesh,0,PTA
88.8,0.117,1.29,0.233,15,Hex,Without mesh,0,PTA
90.5,0.119,1.31,0.238,15,Hex,Without mesh,0,PTA
92.4,0.122,1.34,0.243,15,Hex,Without mesh,0,PTA
94.3,0.124,1.37,0.248,15,Hex,Without mesh,0,PTA
95.8,0.127,1.39,0.253,15,Hex,Without mesh,0,PTA
97.5,0.129,1.42,0.258,15,Hex,Without mesh,0,PTA
99.4,0.132,1.44,0.263,15,Hex,Without mesh,0,PTA
101,0.134,1.47,0.268,15,Hex,Without mesh,0,PTA
103,0.137,1.49,0.273,15,Hex,Without mesh,0,PTA
105,0.139,1.52,0.278,15,Hex,Without mesh,0,PTA
107,0.142,1.55,0.283,15,Hex,Without mesh,0,PTA
108,0.144,1.57,0.288,15,Hex,Without mesh,0,PTA
110,0.147,1.6,0.293,15,Hex,Without mesh,0,PTA
112,0.149,1.63,0.298,15,Hex,Without mesh,0,PTA
114,0.152,1.65,0.303,15,Hex,Without mesh,0,PTA
115,0.154,1.68,0.308,15,Hex,Without mesh,0,PTA
117,0.157,1.7,0.313,15,Hex,Without mesh,0,PTA
119,0.159,1.73,0.318,15,Hex,Without mesh,0,PTA
121,0.162,1.76,0.324,15,Hex,Without mesh,0,PTA
123,0.164,1.78,0.329,15,Hex,Without mesh,0,PTA
124,0.167,1.8,0.333,15,Hex,Without mesh,0,PTA
126,0.169,1.83,0.339,15,Hex,Without mesh,0,PTA
128,0.172,1.86,0.344,15,Hex,Without mesh,0,PTA
129,0.174,1.88,0.349,15,Hex,Without mesh,0,PTA
132,0.177,1.91,0.354,15,Hex,Without mesh,0,PTA
133,0.179,1.92,0.359,15,Hex,Without mesh,0,PTA
135,0.182,1.95,0.364,15,Hex,Without mesh,0,PTA
136,0.184,1.98,0.369,15,Hex,Without mesh,0,PTA
138,0.187,2.01,0.374,15,Hex,Without mesh,0,PTA
140,0.189,2.03,0.379,15,Hex,Without mesh,0,PTA
142,0.192,2.05,0.384,15,Hex,Without mesh,0,PTA
143,0.194,2.08,0.389,15,Hex,Without mesh,0,PTA
145,0.197,2.11,0.394,15,Hex,Without mesh,0,PTA
147,0.199,2.14,0.399,15,Hex,Without mesh,0,PTA
149,0.202,2.16,0.404,15,Hex,Without mesh,0,PTA
150,0.204,2.18,0.409,15,Hex,Without mesh,0,PTA
152,0.207,2.21,0.414,15,Hex,Without mesh,0,PTA
154,0.209,2.23,0.419,15,Hex,Without mesh,0,PTA
156,0.212,2.26,0.424,15,Hex,Without mesh,0,PTA
158,0.214,2.29,0.429,15,Hex,Without mesh,0,PTA
159,0.217,2.31,0.434,15,Hex,Without mesh,0,PTA
161,0.219,2.34,0.439,15,Hex,Without mesh,0,PTA
163,0.222,2.36,0.444,15,Hex,Without mesh,0,PTA
165,0.225,2.39,0.449,15,Hex,Without mesh,0,PTA
166,0.227,2.41,0.454,15,Hex,Without mesh,0,PTA
167,0.229,2.43,0.459,15,Hex,Without mesh,0,PTA
170,0.232,2.47,0.464,15,Hex,Without mesh,0,PTA
171,0.235,2.49,0.469,15,Hex,Without mesh,0,PTA
173,0.237,2.52,0.474,15,Hex,Without mesh,0,PTA
175,0.24,2.54,0.479,15,Hex,Without mesh,0,PTA
177,0.242,2.56,0.484,15,Hex,Without mesh,0,PTA
178,0.245,2.59,0.489,15,Hex,Without mesh,0,PTA
180,0.247,2.62,0.494,15,Hex,Without mesh,0,PTA
182,0.25,2.64,0.499,15,Hex,Without mesh,0,PTA
184,0.252,2.67,0.504,15,Hex,Without mesh,0,PTA
185,0.255,2.69,0.509,15,Hex,Without mesh,0,PTA
187,0.257,2.71,0.514,15,Hex,Without mesh,0,PTA
189,0.26,2.74,0.519,15,Hex,Without mesh,0,PTA
190,0.262,2.76,0.524,15,Hex,Without mesh,0,PTA
192,0.265,2.79,0.529,15,Hex,Without mesh,0,PTA
194,0.267,2.81,0.534,15,Hex,Without mesh,0,PTA
196,0.27,2.84,0.539,15,Hex,Without mesh,0,PTA
197,0.272,2.86,0.544,15,Hex,Without mesh,0,PTA
199,0.275,2.89,0.549,15,Hex,Without mesh,0,PTA
200,0.277,2.91,0.554,15,Hex,Without mesh,0,PTA
202,0.28,2.94,0.559,15,Hex,Without mesh,0,PTA
204,0.282,2.95,0.564,15,Hex,Without mesh,0,PTA
206,0.285,2.99,0.569,15,Hex,Without mesh,0,PTA
208,0.287,3.01,0.575,15,Hex,Without mesh,0,PTA
209,0.29,3.04,0.58,15,Hex,Without mesh,0,PTA
211,0.292,3.06,0.584,15,Hex,Without mesh,0,PTA
212,0.295,3.08,0.589,15,Hex,Without mesh,0,PTA
214,0.297,3.11,0.595,15,Hex,Without mesh,0,PTA
216,0.3,3.13,0.6,15,Hex,Without mesh,0,PTA
218,0.302,3.16,0.605,15,Hex,Without mesh,0,PTA
219,0.305,3.18,0.61,15,Hex,Without mesh,0,PTA
221,0.307,3.2,0.615,15,Hex,Without mesh,0,PTA
223,0.31,3.23,0.62,15,Hex,Without mesh,0,PTA
224,0.312,3.25,0.625,15,Hex,Without mesh,0,PTA
226,0.315,3.28,0.63,15,Hex,Without mesh,0,PTA
228,0.318,3.31,0.635,15,Hex,Without mesh,0,PTA
230,0.32,3.33,0.64,15,Hex,Without mesh,0,PTA
231,0.323,3.36,0.645,15,Hex,Without mesh,0,PTA
233,0.325,3.38,0.65,15,Hex,Without mesh,0,PTA
234,0.328,3.4,0.655,15,Hex,Without mesh,0,PTA
236,0.33,3.42,0.66,15,Hex,Without mesh,0,PTA
237,0.332,3.45,0.665,15,Hex,Without mesh,0,PTA
239,0.335,3.47,0.67,15,Hex,Without mesh,0,PTA
241,0.338,3.5,0.675,15,Hex,Without mesh,0,PTA
243,0.34,3.52,0.68,15,Hex,Without mesh,0,PTA
245,0.343,3.55,0.685,15,Hex,Without mesh,0,PTA
246,0.345,3.57,0.69,15,Hex,Without mesh,0,PTA
248,0.348,3.59,0.695,15,Hex,Without mesh,0,PTA
250,0.35,3.62,0.7,15,Hex,Without mesh,0,PTA
251,0.353,3.65,0.706,15,Hex,Without mesh,0,PTA
253,0.355,3.67,0.711,15,Hex,Without mesh,0,PTA
254,0.358,3.69,0.715,15,Hex,Without mesh,0,PTA
256,0.36,3.72,0.721,15,Hex,Without mesh,0,PTA
258,0.363,3.74,0.726,15,Hex,Without mesh,0,PTA
260,0.365,3.77,0.731,15,Hex,Without mesh,0,PTA
261,0.368,3.79,0.736,15,Hex,Without mesh,0,PTA
263,0.37,3.81,0.741,15,Hex,Without mesh,0,PTA
264,0.373,3.84,0.746,15,Hex,Without mesh,0,PTA
266,0.375,3.86,0.751,15,Hex,Without mesh,0,PTA
267,0.378,3.88,0.756,15,Hex,Without mesh,0,PTA
269,0.38,3.91,0.761,15,Hex,Without mesh,0,PTA
271,0.383,3.93,0.766,15,Hex,Without mesh,0,PTA
273,0.385,3.96,0.771,15,Hex,Without mesh,0,PTA
274,0.388,3.98,0.776,15,Hex,Without mesh,0,PTA
276,0.39,4,0.781,15,Hex,Without mesh,0,PTA
277,0.393,4.02,0.786,15,Hex,Without mesh,0,PTA
279,0.395,4.05,0.79,15,Hex,Without mesh,0,PTA
280,0.398,4.07,0.796,15,Hex,Without mesh,0,PTA
282,0.4,4.09,0.801,15,Hex,Without mesh,0,PTA
284,0.403,4.12,0.806,15,Hex,Without mesh,0,PTA
286,0.405,4.15,0.811,15,Hex,Without mesh,0,PTA
287,0.408,4.17,0.816,15,Hex,Without mesh,0,PTA
288,0.41,4.19,0.82,15,Hex,Without mesh,0,PTA
290,0.413,4.21,0.825,15,Hex,Without mesh,0,PTA
292,0.415,4.24,0.831,15,Hex,Without mesh,0,PTA
294,0.418,4.26,0.836,15,Hex,Without mesh,0,PTA
295,0.42,4.28,0.841,15,Hex,Without mesh,0,PTA
296,0.423,4.3,0.845,15,Hex,Without mesh,0,PTA
298,0.425,4.33,0.851,15,Hex,Without mesh,0,PTA
300,0.428,4.35,0.856,15,Hex,Without mesh,0,PTA
301,0.43,4.38,0.861,15,Hex,Without mesh,0,PTA
303,0.433,4.4,0.866,15,Hex,Without mesh,0,PTA
305,0.435,4.42,0.871,15,Hex,Without mesh,0,PTA
306,0.438,4.44,0.876,15,Hex,Without mesh,0,PTA
308,0.44,4.47,0.881,15,Hex,Without mesh,0,PTA
309,0.443,4.49,0.886,15,Hex,Without mesh,0,PTA
311,0.445,4.51,0.891,15,Hex,Without mesh,0,PTA
313,0.448,4.54,0.896,15,Hex,Without mesh,0,PTA
314,0.45,4.56,0.901,15,Hex,Without mesh,0,PTA
316,0.453,4.58,0.906,15,Hex,Without mesh,0,PTA
318,0.456,4.61,0.911,15,Hex,Without mesh,0,PTA
320,0.458,4.64,0.916,15,Hex,Without mesh,0,PTA
321,0.46,4.66,0.921,15,Hex,Without mesh,0,PTA
322,0.463,4.68,0.926,15,Hex,Without mesh,0,PTA
324,0.466,4.7,0.931,15,Hex,Without mesh,0,PTA
325,0.468,4.72,0.936,15,Hex,Without mesh,0,PTA
327,0.471,4.74,0.941,15,Hex,Without mesh,0,PTA
329,0.473,4.77,0.946,15,Hex,Without mesh,0,PTA
330,0.476,4.79,0.951,15,Hex,Without mesh,0,PTA
332,0.478,4.81,0.956,15,Hex,Without mesh,0,PTA
333,0.481,4.84,0.961,15,Hex,Without mesh,0,PTA
335,0.483,4.86,0.966,15,Hex,Without mesh,0,PTA
337,0.486,4.88,0.971,15,Hex,Without mesh,0,PTA
338,0.488,4.91,0.977,15,Hex,Without mesh,0,PTA
340,0.491,4.93,0.982,15,Hex,Without mesh,0,PTA
341,0.493,4.95,0.987,15,Hex,Without mesh,0,PTA
343,0.496,4.98,0.992,15,Hex,Without mesh,0,PTA
345,0.498,5,0.996,15,Hex,Without mesh,0,PTA
346,0.501,5.02,1,15,Hex,Without mesh,0,PTA
348,0.503,5.04,1.01,15,Hex,Without mesh,0,PTA
349,0.506,5.07,1.01,15,Hex,Without mesh,0,PTA
351,0.508,5.09,1.02,15,Hex,Without mesh,0,PTA
352,0.511,5.11,1.02,15,Hex,Without mesh,0,PTA
354,0.514,5.14,1.03,15,Hex,Without mesh,0,PTA
355,0.516,5.16,1.03,15,Hex,Without mesh,0,PTA
357,0.519,5.18,1.04,15,Hex,Without mesh,0,PTA
359,0.521,5.2,1.04,15,Hex,Without mesh,0,PTA
360,0.523,5.23,1.05,15,Hex,Without mesh,0,PTA
362,0.526,5.26,1.05,15,Hex,Without mesh,0,PTA
363,0.529,5.28,1.06,15,Hex,Without mesh,0,PTA
365,0.531,5.3,1.06,15,Hex,Without mesh,0,PTA
367,0.534,5.32,1.07,15,Hex,Without mesh,0,PTA
368,0.536,5.34,1.07,15,Hex,Without mesh,0,PTA
369,0.539,5.36,1.08,15,Hex,Without mesh,0,PTA
371,0.541,5.38,1.08,15,Hex,Without mesh,0,PTA
372,0.544,5.4,1.09,15,Hex,Without mesh,0,PTA
374,0.546,5.44,1.09,15,Hex,Without mesh,0,PTA
375,0.549,5.45,1.1,15,Hex,Without mesh,0,PTA
378,0.551,5.48,1.1,15,Hex,Without mesh,0,PTA
379,0.554,5.5,1.11,15,Hex,Without mesh,0,PTA
380,0.556,5.51,1.11,15,Hex,Without mesh,0,PTA
382,0.559,5.55,1.12,15,Hex,Without mesh,0,PTA
383,0.561,5.56,1.12,15,Hex,Without mesh,0,PTA
385,0.564,5.59,1.13,15,Hex,Without mesh,0,PTA
386,0.566,5.61,1.13,15,Hex,Without mesh,0,PTA
388,0.569,5.63,1.14,15,Hex,Without mesh,0,PTA
390,0.571,5.66,1.14,15,Hex,Without mesh,0,PTA
392,0.574,5.68,1.15,15,Hex,Without mesh,0,PTA
393,0.576,5.7,1.15,15,Hex,Without mesh,0,PTA
395,0.579,5.73,1.16,15,Hex,Without mesh,0,PTA
396,0.581,5.74,1.16,15,Hex,Without mesh,0,PTA
397,0.584,5.77,1.17,15,Hex,Without mesh,0,PTA
399,0.586,5.79,1.17,15,Hex,Without mesh,0,PTA
400,0.589,5.81,1.18,15,Hex,Without mesh,0,PTA
402,0.591,5.83,1.18,15,Hex,Without mesh,0,PTA
404,0.594,5.86,1.19,15,Hex,Without mesh,0,PTA
405,0.596,5.88,1.19,15,Hex,Without mesh,0,PTA
407,0.599,5.91,1.2,15,Hex,Without mesh,0,PTA
408,0.601,5.92,1.2,15,Hex,Without mesh,0,PTA
410,0.604,5.95,1.21,15,Hex,Without mesh,0,PTA
411,0.606,5.97,1.21,15,Hex,Without mesh,0,PTA
413,0.609,6,1.22,15,Hex,Without mesh,0,PTA
414,0.611,6.01,1.22,15,Hex,Without mesh,0,PTA
416,0.614,6.04,1.23,15,Hex,Without mesh,0,PTA
417,0.616,6.05,1.23,15,Hex,Without mesh,0,PTA
419,0.619,6.08,1.24,15,Hex,Without mesh,0,PTA
421,0.621,6.1,1.24,15,Hex,Without mesh,0,PTA
422,0.624,6.13,1.25,15,Hex,Without mesh,0,PTA
423,0.626,6.14,1.25,15,Hex,Without mesh,0,PTA
425,0.629,6.17,1.26,15,Hex,Without mesh,0,PTA
426,0.631,6.19,1.26,15,Hex,Without mesh,0,PTA
428,0.634,6.21,1.27,15,Hex,Without mesh,0,PTA
430,0.636,6.23,1.27,15,Hex,Without mesh,0,PTA
431,0.639,6.25,1.28,15,Hex,Without mesh,0,PTA
433,0.642,6.28,1.28,15,Hex,Without mesh,0,PTA
434,0.644,6.3,1.29,15,Hex,Without mesh,0,PTA
436,0.647,6.33,1.29,15,Hex,Without mesh,0,PTA
437,0.649,6.34,1.3,15,Hex,Without mesh,0,PTA
439,0.652,6.37,1.3,15,Hex,Without mesh,0,PTA
440,0.654,6.39,1.31,15,Hex,Without mesh,0,PTA
442,0.657,6.41,1.31,15,Hex,Without mesh,0,PTA
443,0.659,6.43,1.32,15,Hex,Without mesh,0,PTA
445,0.662,6.46,1.32,15,Hex,Without mesh,0,PTA
446,0.664,6.47,1.33,15,Hex,Without mesh,0,PTA
448,0.667,6.5,1.33,15,Hex,Without mesh,0,PTA
449,0.669,6.52,1.34,15,Hex,Without mesh,0,PTA
451,0.672,6.54,1.34,15,Hex,Without mesh,0,PTA
453,0.674,6.57,1.35,15,Hex,Without mesh,0,PTA
454,0.677,6.58,1.35,15,Hex,Without mesh,0,PTA
455,0.679,6.6,1.36,15,Hex,Without mesh,0,PTA
457,0.682,6.63,1.36,15,Hex,Without mesh,0,PTA
458,0.684,6.65,1.37,15,Hex,Without mesh,0,PTA
459,0.687,6.67,1.37,15,Hex,Without mesh,0,PTA
461,0.689,6.69,1.38,15,Hex,Without mesh,0,PTA
462,0.692,6.71,1.38,15,Hex,Without mesh,0,PTA
464,0.695,6.74,1.39,15,Hex,Without mesh,0,PTA
465,0.697,6.75,1.39,15,Hex,Without mesh,0,PTA
467,0.7,6.78,1.4,15,Hex,Without mesh,0,PTA
468,0.702,6.8,1.4,15,Hex,Without mesh,0,PTA
470,0.704,6.82,1.41,15,Hex,Without mesh,0,PTA
471,0.707,6.83,1.41,15,Hex,Without mesh,0,PTA
473,0.709,6.87,1.42,15,Hex,Without mesh,0,PTA
474,0.712,6.88,1.42,15,Hex,Without mesh,0,PTA
476,0.715,6.91,1.43,15,Hex,Without mesh,0,PTA
477,0.717,6.92,1.43,15,Hex,Without mesh,0,PTA
479,0.72,6.95,1.44,15,Hex,Without mesh,0,PTA
480,0.722,6.96,1.44,15,Hex,Without mesh,0,PTA
482,0.725,6.99,1.45,15,Hex,Without mesh,0,PTA
483,0.727,7.01,1.45,15,Hex,Without mesh,0,PTA
484,0.729,7.03,1.46,15,Hex,Without mesh,0,PTA
486,0.732,7.05,1.46,15,Hex,Without mesh,0,PTA
487,0.735,7.07,1.47,15,Hex,Without mesh,0,PTA
489,0.737,7.09,1.47,15,Hex,Without mesh,0,PTA
490,0.74,7.11,1.48,15,Hex,Without mesh,0,PTA
491,0.742,7.13,1.48,15,Hex,Without mesh,0,PTA
493,0.745,7.15,1.49,15,Hex,Without mesh,0,PTA
494,0.747,7.18,1.49,15,Hex,Without mesh,0,PTA
495,0.75,7.19,1.5,15,Hex,Without mesh,0,PTA
497,0.752,7.21,1.5,15,Hex,Without mesh,0,PTA
498,0.755,7.23,1.51,15,Hex,Without mesh,0,PTA
500,0.757,7.25,1.51,15,Hex,Without mesh,0,PTA
501,0.76,7.27,1.52,15,Hex,Without mesh,0,PTA
503,0.762,7.3,1.52,15,Hex,Without mesh,0,PTA
504,0.765,7.32,1.53,15,Hex,Without mesh,0,PTA
505,0.767,7.33,1.53,15,Hex,Without mesh,0,PTA
507,0.77,7.36,1.54,15,Hex,Without mesh,0,PTA
508,0.772,7.38,1.54,15,Hex,Without mesh,0,PTA
510,0.775,7.4,1.55,15,Hex,Without mesh,0,PTA
511,0.777,7.42,1.55,15,Hex,Without mesh,0,PTA
512,0.78,7.44,1.56,15,Hex,Without mesh,0,PTA
514,0.782,7.46,1.56,15,Hex,Without mesh,0,PTA
515,0.785,7.48,1.57,15,Hex,Without mesh,0,PTA
517,0.788,7.5,1.58,15,Hex,Without mesh,0,PTA
518,0.79,7.52,1.58,15,Hex,Without mesh,0,PTA
520,0.792,7.54,1.58,15,Hex,Without mesh,0,PTA
521,0.795,7.56,1.59,15,Hex,Without mesh,0,PTA
522,0.797,7.58,1.59,15,Hex,Without mesh,0,PTA
524,0.8,7.6,1.6,15,Hex,Without mesh,0,PTA
525,0.802,7.62,1.6,15,Hex,Without mesh,0,PTA
526,0.805,7.64,1.61,15,Hex,Without mesh,0,PTA
528,0.807,7.66,1.61,15,Hex,Without mesh,0,PTA
529,0.81,7.68,1.62,15,Hex,Without mesh,0,PTA
531,0.812,7.7,1.62,15,Hex,Without mesh,0,PTA
532,0.815,7.72,1.63,15,Hex,Without mesh,0,PTA
533,0.817,7.74,1.63,15,Hex,Without mesh,0,PTA
535,0.82,7.76,1.64,15,Hex,Without mesh,0,PTA
536,0.823,7.78,1.65,15,Hex,Without mesh,0,PTA
538,0.825,7.8,1.65,15,Hex,Without mesh,0,PTA
539,0.828,7.83,1.66,15,Hex,Without mesh,0,PTA
541,0.83,7.85,1.66,15,Hex,Without mesh,0,PTA
542,0.833,7.86,1.67,15,Hex,Without mesh,0,PTA
543,0.835,7.89,1.67,15,Hex,Without mesh,0,PTA
545,0.838,7.91,1.68,15,Hex,Without mesh,0,PTA
546,0.84,7.92,1.68,15,Hex,Without mesh,0,PTA
547,0.843,7.94,1.69,15,Hex,Without mesh,0,PTA
549,0.845,7.96,1.69,15,Hex,Without mesh,0,PTA
550,0.848,7.98,1.7,15,Hex,Without mesh,0,PTA
551,0.85,8,1.7,15,Hex,Without mesh,0,PTA
553,0.853,8.02,1.71,15,Hex,Without mesh,0,PTA
554,0.855,8.04,1.71,15,Hex,Without mesh,0,PTA
555,0.858,8.06,1.72,15,Hex,Without mesh,0,PTA
557,0.86,8.08,1.72,15,Hex,Without mesh,0,PTA
558,0.863,8.1,1.73,15,Hex,Without mesh,0,PTA
560,0.865,8.13,1.73,15,Hex,Without mesh,0,PTA
561,0.868,8.14,1.74,15,Hex,Without mesh,0,PTA
562,0.87,8.16,1.74,15,Hex,Without mesh,0,PTA
564,0.873,8.18,1.75,15,Hex,Without mesh,0,PTA
565,0.875,8.2,1.75,15,Hex,Without mesh,0,PTA
567,0.878,8.23,1.76,15,Hex,Without mesh,0,PTA
568,0.88,8.24,1.76,15,Hex,Without mesh,0,PTA
569,0.883,8.26,1.77,15,Hex,Without mesh,0,PTA
570,0.885,8.28,1.77,15,Hex,Without mesh,0,PTA
572,0.888,8.3,1.78,15,Hex,Without mesh,0,PTA
573,0.89,8.32,1.78,15,Hex,Without mesh,0,PTA
575,0.893,8.34,1.79,15,Hex,Without mesh,0,PTA
576,0.895,8.35,1.79,15,Hex,Without mesh,0,PTA
577,0.898,8.37,1.8,15,Hex,Without mesh,0,PTA
579,0.901,8.4,1.8,15,Hex,Without mesh,0,PTA
580,0.903,8.41,1.81,15,Hex,Without mesh,0,PTA
581,0.905,8.43,1.81,15,Hex,Without mesh,0,PTA
582,0.908,8.45,1.82,15,Hex,Without mesh,0,PTA
584,0.91,8.47,1.82,15,Hex,Without mesh,0,PTA
585,0.913,8.49,1.83,15,Hex,Without mesh,0,PTA
586,0.916,8.51,1.83,15,Hex,Without mesh,0,PTA
588,0.918,8.53,1.84,15,Hex,Without mesh,0,PTA
589,0.921,8.55,1.84,15,Hex,Without mesh,0,PTA
590,0.923,8.57,1.85,15,Hex,Without mesh,0,PTA
592,0.926,8.59,1.85,15,Hex,Without mesh,0,PTA
593,0.928,8.6,1.86,15,Hex,Without mesh,0,PTA
594,0.931,8.63,1.86,15,Hex,Without mesh,0,PTA
596,0.933,8.64,1.87,15,Hex,Without mesh,0,PTA
597,0.936,8.66,1.87,15,Hex,Without mesh,0,PTA
598,0.938,8.68,1.88,15,Hex,Without mesh,0,PTA
599,0.941,8.7,1.88,15,Hex,Without mesh,0,PTA
601,0.943,8.72,1.89,15,Hex,Without mesh,0,PTA
602,0.946,8.74,1.89,15,Hex,Without mesh,0,PTA
603,0.948,8.75,1.9,15,Hex,Without mesh,0,PTA
605,0.951,8.78,1.9,15,Hex,Without mesh,0,PTA
606,0.953,8.8,1.91,15,Hex,Without mesh,0,PTA
607,0.956,8.82,1.91,15,Hex,Without mesh,0,PTA
609,0.958,8.84,1.92,15,Hex,Without mesh,0,PTA
610,0.961,8.85,1.92,15,Hex,Without mesh,0,PTA
612,0.963,8.88,1.93,15,Hex,Without mesh,0,PTA
613,0.966,8.89,1.93,15,Hex,Without mesh,0,PTA
614,0.968,8.91,1.94,15,Hex,Without mesh,0,PTA
615,0.971,8.93,1.94,15,Hex,Without mesh,0,PTA
617,0.973,8.96,1.95,15,Hex,Without mesh,0,PTA
618,0.976,8.97,1.95,15,Hex,Without mesh,0,PTA
620,0.978,9,1.96,15,Hex,Without mesh,0,PTA
621,0.981,9.01,1.96,15,Hex,Without mesh,0,PTA
623,0.983,9.04,1.97,15,Hex,Without mesh,0,PTA
624,0.986,9.06,1.97,15,Hex,Without mesh,0,PTA
625,0.989,9.08,1.98,15,Hex,Without mesh,0,PTA
627,0.991,9.1,1.98,15,Hex,Without mesh,0,PTA
628,0.994,9.12,1.99,15,Hex,Without mesh,0,PTA
629,0.996,9.13,1.99,15,Hex,Without mesh,0,PTA
631,0.998,9.16,2,15,Hex,Without mesh,0,PTA
632,1,9.17,2,15,Hex,Without mesh,0,PTA
633,1,9.19,2.01,15,Hex,Without mesh,0,PTA
635,1.01,9.21,2.01,15,Hex,Without mesh,0,PTA
636,1.01,9.23,2.02,15,Hex,Without mesh,0,PTA
637,1.01,9.25,2.02,15,Hex,Without mesh,0,PTA
639,1.01,9.28,2.03,15,Hex,Without mesh,0,PTA
640,1.02,9.28,2.03,15,Hex,Without mesh,0,PTA
642,1.02,9.32,2.04,15,Hex,Without mesh,0,PTA
643,1.02,9.33,2.04,15,Hex,Without mesh,0,PTA
645,1.02,9.35,2.05,15,Hex,Without mesh,0,PTA
645,1.03,9.36,2.05,15,Hex,Without mesh,0,PTA
647,1.03,9.4,2.06,15,Hex,Without mesh,0,PTA
648,1.03,9.4,2.06,15,Hex,Without mesh,0,PTA
650,1.03,9.43,2.07,15,Hex,Without mesh,0,PTA
651,1.04,9.45,2.07,15,Hex,Without mesh,0,PTA
652,1.04,9.47,2.08,15,Hex,Without mesh,0,PTA
654,1.04,9.49,2.08,15,Hex,Without mesh,0,PTA
655,1.04,9.5,2.09,15,Hex,Without mesh,0,PTA
656,1.05,9.52,2.09,15,Hex,Without mesh,0,PTA
657,1.05,9.54,2.1,15,Hex,Without mesh,0,PTA
659,1.05,9.56,2.1,15,Hex,Without mesh,0,PTA
660,1.05,9.58,2.11,15,Hex,Without mesh,0,PTA
661,1.06,9.6,2.11,15,Hex,Without mesh,0,PTA
663,1.06,9.62,2.12,15,Hex,Without mesh,0,PTA
664,1.06,9.63,2.12,15,Hex,Without mesh,0,PTA
665,1.06,9.66,2.13,15,Hex,Without mesh,0,PTA
667,1.07,9.67,2.13,15,Hex,Without mesh,0,PTA
668,1.07,9.69,2.14,15,Hex,Without mesh,0,PTA
669,1.07,9.71,2.14,15,Hex,Without mesh,0,PTA
670,1.07,9.73,2.15,15,Hex,Without mesh,0,PTA
671,1.08,9.75,2.15,15,Hex,Without mesh,0,PTA
673,1.08,9.77,2.16,15,Hex,Without mesh,0,PTA
675,1.08,9.79,2.16,15,Hex,Without mesh,0,PTA
676,1.08,9.81,2.17,15,Hex,Without mesh,0,PTA
677,1.09,9.82,2.17,15,Hex,Without mesh,0,PTA
678,1.09,9.84,2.18,15,Hex,Without mesh,0,PTA
680,1.09,9.87,2.18,15,Hex,Without mesh,0,PTA
681,1.09,9.88,2.19,15,Hex,Without mesh,0,PTA
682,1.1,9.9,2.19,15,Hex,Without mesh,0,PTA
683,1.1,9.92,2.2,15,Hex,Without mesh,0,PTA
685,1.1,9.94,2.2,15,Hex,Without mesh,0,PTA
686,1.1,9.96,2.21,15,Hex,Without mesh,0,PTA
687,1.11,9.97,2.21,15,Hex,Without mesh,0,PTA
689,1.11,10,2.22,15,Hex,Without mesh,0,PTA
690,1.11,10,2.22,15,Hex,Without mesh,0,PTA
691,1.11,10,2.23,15,Hex,Without mesh,0,PTA
693,1.12,10.1,2.23,15,Hex,Without mesh,0,PTA
694,1.12,10.1,2.24,15,Hex,Without mesh,0,PTA
695,1.12,10.1,2.24,15,Hex,Without mesh,0,PTA
696,1.12,10.1,2.25,15,Hex,Without mesh,0,PTA
698,1.13,10.1,2.25,15,Hex,Without mesh,0,PTA
699,1.13,10.1,2.26,15,Hex,Without mesh,0,PTA
700,1.13,10.2,2.26,15,Hex,Without mesh,0,PTA
701,1.13,10.2,2.27,15,Hex,Without mesh,0,PTA
703,1.14,10.2,2.27,15,Hex,Without mesh,0,PTA
704,1.14,10.2,2.28,15,Hex,Without mesh,0,PTA
705,1.14,10.2,2.28,15,Hex,Without mesh,0,PTA
707,1.14,10.3,2.29,15,Hex,Without mesh,0,PTA
708,1.15,10.3,2.29,15,Hex,Without mesh,0,PTA
709,1.15,10.3,2.3,15,Hex,Without mesh,0,PTA
710,1.15,10.3,2.3,15,Hex,Without mesh,0,PTA
712,1.15,10.3,2.31,15,Hex,Without mesh,0,PTA
713,1.16,10.4,2.31,15,Hex,Without mesh,0,PTA
714,1.16,10.4,2.32,15,Hex,Without mesh,0,PTA
715,1.16,10.4,2.32,15,Hex,Without mesh,0,PTA
717,1.16,10.4,2.33,15,Hex,Without mesh,0,PTA
718,1.17,10.4,2.33,15,Hex,Without mesh,0,PTA
719,1.17,10.4,2.34,15,Hex,Without mesh,0,PTA
720,1.17,10.5,2.34,15,Hex,Without mesh,0,PTA
722,1.17,10.5,2.35,15,Hex,Without mesh,0,PTA
723,1.18,10.5,2.35,15,Hex,Without mesh,0,PTA
724,1.18,10.5,2.36,15,Hex,Without mesh,0,PTA
725,1.18,10.5,2.36,15,Hex,Without mesh,0,PTA
726,1.18,10.5,2.37,15,Hex,Without mesh,0,PTA
727,1.19,10.6,2.37,15,Hex,Without mesh,0,PTA
728,1.19,10.6,2.38,15,Hex,Without mesh,0,PTA
730,1.19,10.6,2.38,15,Hex,Without mesh,0,PTA
731,1.19,10.6,2.39,15,Hex,Without mesh,0,PTA
732,1.2,10.6,2.39,15,Hex,Without mesh,0,PTA
733,1.2,10.6,2.4,15,Hex,Without mesh,0,PTA
735,1.2,10.7,2.4,15,Hex,Without mesh,0,PTA
736,1.2,10.7,2.41,15,Hex,Without mesh,0,PTA
737,1.21,10.7,2.41,15,Hex,Without mesh,0,PTA
738,1.21,10.7,2.42,15,Hex,Without mesh,0,PTA
739,1.21,10.7,2.42,15,Hex,Without mesh,0,PTA
741,1.21,10.7,2.43,15,Hex,Without mesh,0,PTA
741,1.22,10.8,2.43,15,Hex,Without mesh,0,PTA
743,1.22,10.8,2.44,15,Hex,Without mesh,0,PTA
744,1.22,10.8,2.44,15,Hex,Without mesh,0,PTA
745,1.22,10.8,2.45,15,Hex,Without mesh,0,PTA
746,1.23,10.8,2.45,15,Hex,Without mesh,0,PTA
747,1.23,10.8,2.46,15,Hex,Without mesh,0,PTA
748,1.23,10.9,2.46,15,Hex,Without mesh,0,PTA
749,1.23,10.9,2.47,15,Hex,Without mesh,0,PTA
751,1.24,10.9,2.47,15,Hex,Without mesh,0,PTA
752,1.24,10.9,2.48,15,Hex,Without mesh,0,PTA
753,1.24,10.9,2.48,15,Hex,Without mesh,0,PTA
754,1.24,10.9,2.49,15,Hex,Without mesh,0,PTA
755,1.25,11,2.49,15,Hex,Without mesh,0,PTA
756,1.25,11,2.5,15,Hex,Without mesh,0,PTA
757,1.25,11,2.5,15,Hex,Without mesh,0,PTA
758,1.25,11,2.51,15,Hex,Without mesh,0,PTA
760,1.26,11,2.51,15,Hex,Without mesh,0,PTA
760,1.26,11,2.52,15,Hex,Without mesh,0,PTA
762,1.26,11.1,2.52,15,Hex,Without mesh,0,PTA
763,1.26,11.1,2.53,15,Hex,Without mesh,0,PTA
764,1.27,11.1,2.53,15,Hex,Without mesh,0,PTA
765,1.27,11.1,2.54,15,Hex,Without mesh,0,PTA
766,1.27,11.1,2.54,15,Hex,Without mesh,0,PTA
767,1.28,11.1,2.55,15,Hex,Without mesh,0,PTA
769,1.28,11.2,2.56,15,Hex,Without mesh,0,PTA
769,1.28,11.2,2.56,15,Hex,Without mesh,0,PTA
770,1.28,11.2,2.56,15,Hex,Without mesh,0,PTA
771,1.29,11.2,2.57,15,Hex,Without mesh,0,PTA
772,1.29,11.2,2.58,15,Hex,Without mesh,0,PTA
774,1.29,11.2,2.58,15,Hex,Without mesh,0,PTA
775,1.29,11.2,2.59,15,Hex,Without mesh,0,PTA
775,1.3,11.3,2.59,15,Hex,Without mesh,0,PTA
777,1.3,11.3,2.6,15,Hex,Without mesh,0,PTA
777,1.3,11.3,2.6,15,Hex,Without mesh,0,PTA
779,1.3,11.3,2.61,15,Hex,Without mesh,0,PTA
780,1.31,11.3,2.61,15,Hex,Without mesh,0,PTA
781,1.31,11.3,2.62,15,Hex,Without mesh,0,PTA
782,1.31,11.4,2.62,15,Hex,Without mesh,0,PTA
783,1.31,11.4,2.63,15,Hex,Without mesh,0,PTA
784,1.32,11.4,2.63,15,Hex,Without mesh,0,PTA
785,1.32,11.4,2.64,15,Hex,Without mesh,0,PTA
786,1.32,11.4,2.64,15,Hex,Without mesh,0,PTA
787,1.32,11.4,2.65,15,Hex,Without mesh,0,PTA
788,1.33,11.4,2.65,15,Hex,Without mesh,0,PTA
790,1.33,11.5,2.66,15,Hex,Without mesh,0,PTA
790,1.33,11.5,2.66,15,Hex,Without mesh,0,PTA
791,1.33,11.5,2.67,15,Hex,Without mesh,0,PTA
792,1.34,11.5,2.67,15,Hex,Without mesh,0,PTA
793,1.34,11.5,2.68,15,Hex,Without mesh,0,PTA
795,1.34,11.5,2.68,15,Hex,Without mesh,0,PTA
795,1.34,11.5,2.69,15,Hex,Without mesh,0,PTA
796,1.35,11.5,2.69,15,Hex,Without mesh,0,PTA
797,1.35,11.6,2.7,15,Hex,Without mesh,0,PTA
798,1.35,11.6,2.7,15,Hex,Without mesh,0,PTA
799,1.35,11.6,2.71,15,Hex,Without mesh,0,PTA
800,1.36,11.6,2.71,15,Hex,Without mesh,0,PTA
801,1.36,11.6,2.72,15,Hex,Without mesh,0,PTA
802,1.36,11.6,2.72,15,Hex,Without mesh,0,PTA
803,1.36,11.7,2.73,15,Hex,Without mesh,0,PTA
804,1.37,11.7,2.73,15,Hex,Without mesh,0,PTA
805,1.37,11.7,2.74,15,Hex,Without mesh,0,PTA
806,1.37,11.7,2.74,15,Hex,Without mesh,0,PTA
807,1.37,11.7,2.75,15,Hex,Without mesh,0,PTA
808,1.38,11.7,2.75,15,Hex,Without mesh,0,PTA
809,1.38,11.7,2.76,15,Hex,Without mesh,0,PTA
810,1.38,11.7,2.76,15,Hex,Without mesh,0,PTA
811,1.38,11.8,2.77,15,Hex,Without mesh,0,PTA
811,1.39,11.8,2.77,15,Hex,Without mesh,0,PTA
813,1.39,11.8,2.78,15,Hex,Without mesh,0,PTA
813,1.39,11.8,2.78,15,Hex,Without mesh,0,PTA
814,1.39,11.8,2.79,15,Hex,Without mesh,0,PTA
815,1.4,11.8,2.79,15,Hex,Without mesh,0,PTA
816,1.4,11.8,2.8,15,Hex,Without mesh,0,PTA
817,1.4,11.9,2.8,15,Hex,Without mesh,0,PTA
818,1.4,11.9,2.81,15,Hex,Without mesh,0,PTA
819,1.41,11.9,2.81,15,Hex,Without mesh,0,PTA
820,1.41,11.9,2.82,15,Hex,Without mesh,0,PTA
821,1.41,11.9,2.82,15,Hex,Without mesh,0,PTA
822,1.41,11.9,2.83,15,Hex,Without mesh,0,PTA
823,1.42,11.9,2.83,15,Hex,Without mesh,0,PTA
823,1.42,11.9,2.84,15,Hex,Without mesh,0,PTA
825,1.42,12,2.84,15,Hex,Without mesh,0,PTA
825,1.42,12,2.85,15,Hex,Without mesh,0,PTA
826,1.43,12,2.85,15,Hex,Without mesh,0,PTA
827,1.43,12,2.86,15,Hex,Without mesh,0,PTA
828,1.43,12,2.86,15,Hex,Without mesh,0,PTA
829,1.43,12,2.87,15,Hex,Without mesh,0,PTA
830,1.44,12,2.87,15,Hex,Without mesh,0,PTA
831,1.44,12.1,2.88,15,Hex,Without mesh,0,PTA
831,1.44,12.1,2.88,15,Hex,Without mesh,0,PTA
832,1.44,12.1,2.89,15,Hex,Without mesh,0,PTA
833,1.45,12.1,2.89,15,Hex,Without mesh,0,PTA
835,1.45,12.1,2.9,15,Hex,Without mesh,0,PTA
835,1.45,12.1,2.9,15,Hex,Without mesh,0,PTA
836,1.45,12.1,2.91,15,Hex,Without mesh,0,PTA
837,1.46,12.1,2.91,15,Hex,Without mesh,0,PTA
837,1.46,12.2,2.92,15,Hex,Without mesh,0,PTA
839,1.46,12.2,2.92,15,Hex,Without mesh,0,PTA
839,1.46,12.2,2.93,15,Hex,Without mesh,0,PTA
840,1.47,12.2,2.93,15,Hex,Without mesh,0,PTA
841,1.47,12.2,2.94,15,Hex,Without mesh,0,PTA
841,1.47,12.2,2.94,15,Hex,Without mesh,0,PTA
843,1.47,12.2,2.95,15,Hex,Without mesh,0,PTA
843,1.48,12.2,2.95,15,Hex,Without mesh,0,PTA
844,1.48,12.3,2.96,15,Hex,Without mesh,0,PTA
845,1.48,12.3,2.96,15,Hex,Without mesh,0,PTA
846,1.48,12.3,2.97,15,Hex,Without mesh,0,PTA
847,1.49,12.3,2.97,15,Hex,Without mesh,0,PTA
848,1.49,12.3,2.98,15,Hex,Without mesh,0,PTA
848,1.49,12.3,2.98,15,Hex,Without mesh,0,PTA
850,1.49,12.3,2.99,15,Hex,Without mesh,0,PTA
850,1.5,12.3,2.99,15,Hex,Without mesh,0,PTA
851,1.5,12.4,3,15,Hex,Without mesh,0,PTA
852,1.5,12.4,3,15,Hex,Without mesh,0,PTA
853,1.5,12.4,3.01,15,Hex,Without mesh,0,PTA
854,1.51,12.4,3.01,15,Hex,Without mesh,0,PTA
854,1.51,12.4,3.02,15,Hex,Without mesh,0,PTA
855,1.51,12.4,3.02,15,Hex,Without mesh,0,PTA
856,1.51,12.4,3.03,15,Hex,Without mesh,0,PTA
857,1.52,12.4,3.03,15,Hex,Without mesh,0,PTA
858,1.52,12.4,3.04,15,Hex,Without mesh,0,PTA
858,1.52,12.5,3.04,15,Hex,Without mesh,0,PTA
859,1.52,12.5,3.05,15,Hex,Without mesh,0,PTA
860,1.53,12.5,3.05,15,Hex,Without mesh,0,PTA
861,1.53,12.5,3.06,15,Hex,Without mesh,0,PTA
862,1.53,12.5,3.06,15,Hex,Without mesh,0,PTA
862,1.53,12.5,3.07,15,Hex,Without mesh,0,PTA
863,1.54,12.5,3.07,15,Hex,Without mesh,0,PTA
864,1.54,12.5,3.08,15,Hex,Without mesh,0,PTA
865,1.54,12.5,3.08,15,Hex,Without mesh,0,PTA
865,1.54,12.6,3.09,15,Hex,Without mesh,0,PTA
866,1.55,12.6,3.09,15,Hex,Without mesh,0,PTA
867,1.55,12.6,3.1,15,Hex,Without mesh,0,PTA
868,1.55,12.6,3.1,15,Hex,Without mesh,0,PTA
868,1.55,12.6,3.11,15,Hex,Without mesh,0,PTA
869,1.56,12.6,3.11,15,Hex,Without mesh,0,PTA
870,1.56,12.6,3.12,15,Hex,Without mesh,0,PTA
870,1.56,12.6,3.12,15,Hex,Without mesh,0,PTA
871,1.56,12.6,3.13,15,Hex,Without mesh,0,PTA
872,1.57,12.7,3.13,15,Hex,Without mesh,0,PTA
873,1.57,12.7,3.14,15,Hex,Without mesh,0,PTA
874,1.57,12.7,3.14,15,Hex,Without mesh,0,PTA
874,1.57,12.7,3.15,15,Hex,Without mesh,0,PTA
875,1.58,12.7,3.15,15,Hex,Without mesh,0,PTA
876,1.58,12.7,3.16,15,Hex,Without mesh,0,PTA
876,1.58,12.7,3.16,15,Hex,Without mesh,0,PTA
877,1.58,12.7,3.17,15,Hex,Without mesh,0,PTA
878,1.59,12.7,3.17,15,Hex,Without mesh,0,PTA
878,1.59,12.7,3.18,15,Hex,Without mesh,0,PTA
879,1.59,12.8,3.18,15,Hex,Without mesh,0,PTA
880,1.59,12.8,3.19,15,Hex,Without mesh,0,PTA
880,1.6,12.8,3.19,15,Hex,Without mesh,0,PTA
881,1.6,12.8,3.2,15,Hex,Without mesh,0,PTA
882,1.6,12.8,3.2,15,Hex,Without mesh,0,PTA
883,1.6,12.8,3.21,15,Hex,Without mesh,0,PTA
884,1.61,12.8,3.21,15,Hex,Without mesh,0,PTA
884,1.61,12.8,3.22,15,Hex,Without mesh,0,PTA
885,1.61,12.8,3.22,15,Hex,Without mesh,0,PTA
885,1.61,12.9,3.23,15,Hex,Without mesh,0,PTA
887,1.62,12.9,3.23,15,Hex,Without mesh,0,PTA
887,1.62,12.9,3.24,15,Hex,Without mesh,0,PTA
888,1.62,12.9,3.24,15,Hex,Without mesh,0,PTA
888,1.62,12.9,3.25,15,Hex,Without mesh,0,PTA
889,1.63,12.9,3.25,15,Hex,Without mesh,0,PTA
890,1.63,12.9,3.26,15,Hex,Without mesh,0,PTA
890,1.63,12.9,3.26,15,Hex,Without mesh,0,PTA
891,1.63,12.9,3.27,15,Hex,Without mesh,0,PTA
892,1.64,12.9,3.27,15,Hex,Without mesh,0,PTA
892,1.64,13,3.28,15,Hex,Without mesh,0,PTA
893,1.64,13,3.28,15,Hex,Without mesh,0,PTA
894,1.64,13,3.29,15,Hex,Without mesh,0,PTA
894,1.65,13,3.29,15,Hex,Without mesh,0,PTA
895,1.65,13,3.3,15,Hex,Without mesh,0,PTA
896,1.65,13,3.3,15,Hex,Without mesh,0,PTA
897,1.65,13,3.31,15,Hex,Without mesh,0,PTA
897,1.66,13,3.31,15,Hex,Without mesh,0,PTA
898,1.66,13,3.32,15,Hex,Without mesh,0,PTA
898,1.66,13,3.32,15,Hex,Without mesh,0,PTA
899,1.66,13,3.33,15,Hex,Without mesh,0,PTA
900,1.67,13.1,3.33,15,Hex,Without mesh,0,PTA
900,1.67,13.1,3.34,15,Hex,Without mesh,0,PTA
901,1.67,13.1,3.34,15,Hex,Without mesh,0,PTA
901,1.67,13.1,3.35,15,Hex,Without mesh,0,PTA
902,1.68,13.1,3.35,15,Hex,Without mesh,0,PTA
903,1.68,13.1,3.36,15,Hex,Without mesh,0,PTA
904,1.68,13.1,3.36,15,Hex,Without mesh,0,PTA
904,1.68,13.1,3.37,15,Hex,Without mesh,0,PTA
905,1.69,13.1,3.37,15,Hex,Without mesh,0,PTA
905,1.69,13.1,3.38,15,Hex,Without mesh,0,PTA
906,1.69,13.1,3.38,15,Hex,Without mesh,0,PTA
906,1.69,13.2,3.39,15,Hex,Without mesh,0,PTA
907,1.7,13.2,3.39,15,Hex,Without mesh,0,PTA
907,1.7,13.2,3.4,15,Hex,Without mesh,0,PTA
908,1.7,13.2,3.4,15,Hex,Without mesh,0,PTA
909,1.7,13.2,3.41,15,Hex,Without mesh,0,PTA
909,1.71,13.2,3.41,15,Hex,Without mesh,0,PTA
910,1.71,13.2,3.42,15,Hex,Without mesh,0,PTA
910,1.71,13.2,3.43,15,Hex,Without mesh,0,PTA
911,1.71,13.2,3.43,15,Hex,Without mesh,0,PTA
912,1.72,13.2,3.44,15,Hex,Without mesh,0,PTA
912,1.72,13.2,3.44,15,Hex,Without mesh,0,PTA
912,1.72,13.2,3.45,15,Hex,Without mesh,0,PTA
913,1.72,13.3,3.45,15,Hex,Without mesh,0,PTA
914,1.73,13.3,3.45,15,Hex,Without mesh,0,PTA
914,1.73,13.3,3.46,15,Hex,Without mesh,0,PTA
915,1.73,13.3,3.47,15,Hex,Without mesh,0,PTA
915,1.74,13.3,3.47,15,Hex,Without mesh,0,PTA
916,1.74,13.3,3.48,15,Hex,Without mesh,0,PTA
916,1.74,13.3,3.48,15,Hex,Without mesh,0,PTA
917,1.74,13.3,3.49,15,Hex,Without mesh,0,PTA
917,1.75,13.3,3.49,15,Hex,Without mesh,0,PTA
918,1.75,13.3,3.5,15,Hex,Without mesh,0,PTA
918,1.75,13.3,3.5,15,Hex,Without mesh,0,PTA
919,1.75,13.3,3.51,15,Hex,Without mesh,0,PTA
919,1.76,13.3,3.51,15,Hex,Without mesh,0,PTA
920,1.76,13.4,3.52,15,Hex,Without mesh,0,PTA
920,1.76,13.4,3.52,15,Hex,Without mesh,0,PTA
921,1.76,13.4,3.53,15,Hex,Without mesh,0,PTA
921,1.77,13.4,3.53,15,Hex,Without mesh,0,PTA
922,1.77,13.4,3.54,15,Hex,Without mesh,0,PTA
922,1.77,13.4,3.54,15,Hex,Without mesh,0,PTA
923,1.77,13.4,3.55,15,Hex,Without mesh,0,PTA
923,1.78,13.4,3.55,15,Hex,Without mesh,0,PTA
924,1.78,13.4,3.56,15,Hex,Without mesh,0,PTA
924,1.78,13.4,3.56,15,Hex,Without mesh,0,PTA
925,1.78,13.4,3.57,15,Hex,Without mesh,0,PTA
925,1.79,13.4,3.57,15,Hex,Without mesh,0,PTA
926,1.79,13.4,3.58,15,Hex,Without mesh,0,PTA
926,1.79,13.4,3.58,15,Hex,Without mesh,0,PTA
927,1.79,13.5,3.59,15,Hex,Without mesh,0,PTA
927,1.8,13.5,3.59,15,Hex,Without mesh,0,PTA
928,1.8,13.5,3.6,15,Hex,Without mesh,0,PTA
928,1.8,13.5,3.6,15,Hex,Without mesh,0,PTA
929,1.8,13.5,3.61,15,Hex,Without mesh,0,PTA
929,1.81,13.5,3.61,15,Hex,Without mesh,0,PTA
929,1.81,13.5,3.62,15,Hex,Without mesh,0,PTA
930,1.81,13.5,3.62,15,Hex,Without mesh,0,PTA
930,1.81,13.5,3.63,15,Hex,Without mesh,0,PTA
931,1.82,13.5,3.63,15,Hex,Without mesh,0,PTA
931,1.82,13.5,3.64,15,Hex,Without mesh,0,PTA
931,1.82,13.5,3.64,15,Hex,Without mesh,0,PTA
932,1.82,13.5,3.65,15,Hex,Without mesh,0,PTA
932,1.83,13.5,3.65,15,Hex,Without mesh,0,PTA
932,1.83,13.5,3.66,15,Hex,Without mesh,0,PTA
933,1.83,13.5,3.66,15,Hex,Without mesh,0,PTA
933,1.83,13.5,3.67,15,Hex,Without mesh,0,PTA
934,1.84,13.6,3.67,15,Hex,Without mesh,0,PTA
934,1.84,13.6,3.68,15,Hex,Without mesh,0,PTA
935,1.84,13.6,3.68,15,Hex,Without mesh,0,PTA
935,1.84,13.6,3.69,15,Hex,Without mesh,0,PTA
936,1.85,13.6,3.69,15,Hex,Without mesh,0,PTA
936,1.85,13.6,3.7,15,Hex,Without mesh,0,PTA
936,1.85,13.6,3.7,15,Hex,Without mesh,0,PTA
937,1.85,13.6,3.71,15,Hex,Without mesh,0,PTA
937,1.86,13.6,3.71,15,Hex,Without mesh,0,PTA
937,1.86,13.6,3.72,15,Hex,Without mesh,0,PTA
938,1.86,13.6,3.72,15,Hex,Without mesh,0,PTA
938,1.86,13.6,3.73,15,Hex,Without mesh,0,PTA
938,1.87,13.6,3.73,15,Hex,Without mesh,0,PTA
939,1.87,13.6,3.74,15,Hex,Without mesh,0,PTA
939,1.87,13.6,3.74,15,Hex,Without mesh,0,PTA
939,1.87,13.6,3.75,15,Hex,Without mesh,0,PTA
940,1.88,13.6,3.75,15,Hex,Without mesh,0,PTA
940,1.88,13.6,3.76,15,Hex,Without mesh,0,PTA
940,1.88,13.6,3.76,15,Hex,Without mesh,0,PTA
940,1.88,13.6,3.77,15,Hex,Without mesh,0,PTA
941,1.89,13.7,3.77,15,Hex,Without mesh,0,PTA
941,1.89,13.7,3.78,15,Hex,Without mesh,0,PTA
942,1.89,13.7,3.78,15,Hex,Without mesh,0,PTA
942,1.89,13.7,3.79,15,Hex,Without mesh,0,PTA
942,1.9,13.7,3.79,15,Hex,Without mesh,0,PTA
942,1.9,13.7,3.8,15,Hex,Without mesh,0,PTA
942,1.9,13.7,3.8,15,Hex,Without mesh,0,PTA
943,1.9,13.7,3.81,15,Hex,Without mesh,0,PTA
943,1.91,13.7,3.81,15,Hex,Without mesh,0,PTA
943,1.91,13.7,3.82,15,Hex,Without mesh,0,PTA
943,1.91,13.7,3.82,15,Hex,Without mesh,0,PTA
944,1.91,13.7,3.83,15,Hex,Without mesh,0,PTA
944,1.92,13.7,3.83,15,Hex,Without mesh,0,PTA
944,1.92,13.7,3.84,15,Hex,Without mesh,0,PTA
944,1.92,13.7,3.84,15,Hex,Without mesh,0,PTA
944,1.92,13.7,3.85,15,Hex,Without mesh,0,PTA
945,1.93,13.7,3.85,15,Hex,Without mesh,0,PTA
945,1.93,13.7,3.86,15,Hex,Without mesh,0,PTA
945,1.93,13.7,3.86,15,Hex,Without mesh,0,PTA
946,1.93,13.7,3.87,15,Hex,Without mesh,0,PTA
946,1.94,13.7,3.87,15,Hex,Without mesh,0,PTA
946,1.94,13.7,3.88,15,Hex,Without mesh,0,PTA
946,1.94,13.7,3.88,15,Hex,Without mesh,0,PTA
947,1.94,13.7,3.89,15,Hex,Without mesh,0,PTA
947,1.95,13.7,3.89,15,Hex,Without mesh,0,PTA
947,1.95,13.7,3.9,15,Hex,Without mesh,0,PTA
947,1.95,13.7,3.9,15,Hex,Without mesh,0,PTA
947,1.95,13.7,3.91,15,Hex,Without mesh,0,PTA
947,1.96,13.7,3.91,15,Hex,Without mesh,0,PTA
947,1.96,13.8,3.92,15,Hex,Without mesh,0,PTA
948,1.96,13.8,3.92,15,Hex,Without mesh,0,PTA
948,1.96,13.8,3.93,15,Hex,Without mesh,0,PTA
948,1.97,13.8,3.93,15,Hex,Without mesh,0,PTA
948,1.97,13.8,3.94,15,Hex,Without mesh,0,PTA
948,1.97,13.8,3.94,15,Hex,Without mesh,0,PTA
948,1.97,13.8,3.95,15,Hex,Without mesh,0,PTA
949,1.98,13.8,3.95,15,Hex,Without mesh,0,PTA
949,1.98,13.8,3.96,15,Hex,Without mesh,0,PTA
949,1.98,13.8,3.96,15,Hex,Without mesh,0,PTA
949,1.98,13.8,3.97,15,Hex,Without mesh,0,PTA
949,1.99,13.8,3.97,15,Hex,Without mesh,0,PTA
950,1.99,13.8,3.98,15,Hex,Without mesh,0,PTA
950,1.99,13.8,3.98,15,Hex,Without mesh,0,PTA
950,1.99,13.8,3.99,15,Hex,Without mesh,0,PTA
950,2,13.8,3.99,15,Hex,Without mesh,0,PTA
950,2,13.8,4,15,Hex,Without mesh,0,PTA
950,2,13.8,4,15,Hex,Without mesh,0,PTA
951,2,13.8,4.01,15,Hex,Without mesh,0,PTA
951,2.01,13.8,4.01,15,Hex,Without mesh,0,PTA
951,2.01,13.8,4.02,15,Hex,Without mesh,0,PTA
951,2.01,13.8,4.02,15,Hex,Without mesh,0,PTA
951,2.01,13.8,4.03,15,Hex,Without mesh,0,PTA
951,2.02,13.8,4.03,15,Hex,Without mesh,0,PTA
951,2.02,13.8,4.04,15,Hex,Without mesh,0,PTA
951,2.02,13.8,4.04,15,Hex,Without mesh,0,PTA
951,2.02,13.8,4.05,15,Hex,Without mesh,0,PTA
952,2.03,13.8,4.05,15,Hex,Without mesh,0,PTA
952,2.03,13.8,4.06,15,Hex,Without mesh,0,PTA
952,2.03,13.8,4.06,15,Hex,Without mesh,0,PTA
952,2.03,13.8,4.07,15,Hex,Without mesh,0,PTA
952,2.04,13.8,4.07,15,Hex,Without mesh,0,PTA
952,2.04,13.8,4.08,15,Hex,Without mesh,0,PTA
952,2.04,13.8,4.08,15,Hex,Without mesh,0,PTA
952,2.04,13.8,4.09,15,Hex,Without mesh,0,PTA
952,2.05,13.8,4.09,15,Hex,Without mesh,0,PTA
952,2.05,13.8,4.1,15,Hex,Without mesh,0,PTA
952,2.05,13.8,4.1,15,Hex,Without mesh,0,PTA
953,2.05,13.8,4.11,15,Hex,Without mesh,0,PTA
953,2.06,13.8,4.11,15,Hex,Without mesh,0,PTA
953,2.06,13.8,4.12,15,Hex,Without mesh,0,PTA
953,2.06,13.8,4.12,15,Hex,Without mesh,0,PTA
953,2.06,13.8,4.13,15,Hex,Without mesh,0,PTA
953,2.07,13.8,4.13,15,Hex,Without mesh,0,PTA
954,2.07,13.8,4.14,15,Hex,Without mesh,0,PTA
953,2.07,13.8,4.14,15,Hex,Without mesh,0,PTA
953,2.07,13.8,4.15,15,Hex,Without mesh,0,PTA
953,2.08,13.8,4.15,15,Hex,Without mesh,0,PTA
953,2.08,13.8,4.16,15,Hex,Without mesh,0,PTA
953,2.08,13.8,4.16,15,Hex,Without mesh,0,PTA
953,2.08,13.8,4.17,15,Hex,Without mesh,0,PTA
953,2.09,13.8,4.17,15,Hex,Without mesh,0,PTA
953,2.09,13.8,4.18,15,Hex,Without mesh,0,PTA
954,2.09,13.8,4.18,15,Hex,Without mesh,0,PTA
953,2.09,13.8,4.19,15,Hex,Without mesh,0,PTA
953,2.1,13.8,4.19,15,Hex,Without mesh,0,PTA
953,2.1,13.8,4.2,15,Hex,Without mesh,0,PTA
954,2.1,13.8,4.2,15,Hex,Without mesh,0,PTA
953,2.1,13.8,4.21,15,Hex,Without mesh,0,PTA
954,2.11,13.8,4.21,15,Hex,Without mesh,0,PTA
953,2.11,13.8,4.22,15,Hex,Without mesh,0,PTA
953,2.11,13.8,4.22,15,Hex,Without mesh,0,PTA
954,2.11,13.8,4.23,15,Hex,Without mesh,0,PTA
953,2.12,13.8,4.23,15,Hex,Without mesh,0,PTA
953,2.12,13.8,4.24,15,Hex,Without mesh,0,PTA
954,2.12,13.8,4.24,15,Hex,Without mesh,0,PTA
953,2.12,13.8,4.25,15,Hex,Without mesh,0,PTA
953,2.13,13.8,4.25,15,Hex,Without mesh,0,PTA
953,2.13,13.8,4.26,15,Hex,Without mesh,0,PTA
953,2.13,13.8,4.26,15,Hex,Without mesh,0,PTA
953,2.13,13.8,4.27,15,Hex,Without mesh,0,PTA
953,2.14,13.8,4.27,15,Hex,Without mesh,0,PTA
953,2.14,13.8,4.28,15,Hex,Without mesh,0,PTA
953,2.14,13.8,4.28,15,Hex,Without mesh,0,PTA
953,2.14,13.8,4.29,15,Hex,Without mesh,0,PTA
953,2.15,13.8,4.29,15,Hex,Without mesh,0,PTA
953,2.15,13.8,4.3,15,Hex,Without mesh,0,PTA
953,2.15,13.8,4.3,15,Hex,Without mesh,0,PTA
953,2.15,13.8,4.31,15,Hex,Without mesh,0,PTA
953,2.16,13.8,4.31,15,Hex,Without mesh,0,PTA
953,2.16,13.8,4.32,15,Hex,Without mesh,0,PTA
953,2.16,13.8,4.32,15,Hex,Without mesh,0,PTA
953,2.17,13.8,4.33,15,Hex,Without mesh,0,PTA
952,2.17,13.8,4.33,15,Hex,Without mesh,0,PTA
952,2.17,13.8,4.34,15,Hex,Without mesh,0,PTA
952,2.17,13.8,4.34,15,Hex,Without mesh,0,PTA
952,2.17,13.8,4.35,15,Hex,Without mesh,0,PTA
952,2.18,13.8,4.35,15,Hex,Without mesh,0,PTA
952,2.18,13.8,4.36,15,Hex,Without mesh,0,PTA
952,2.18,13.8,4.37,15,Hex,Without mesh,0,PTA
952,2.19,13.8,4.37,15,Hex,Without mesh,0,PTA
951,2.19,13.8,4.37,15,Hex,Without mesh,0,PTA
952,2.19,13.8,4.38,15,Hex,Without mesh,0,PTA
951,2.19,13.8,4.39,15,Hex,Without mesh,0,PTA
952,2.2,13.8,4.39,15,Hex,Without mesh,0,PTA
951,2.2,13.8,4.4,15,Hex,Without mesh,0,PTA
951,2.2,13.8,4.4,15,Hex,Without mesh,0,PTA
951,2.2,13.8,4.41,15,Hex,Without mesh,0,PTA
951,2.21,13.8,4.41,15,Hex,Without mesh,0,PTA
951,2.21,13.8,4.42,15,Hex,Without mesh,0,PTA
950,2.21,13.8,4.42,15,Hex,Without mesh,0,PTA
950,2.21,13.8,4.42,15,Hex,Without mesh,0,PTA
949,2.22,13.8,4.43,15,Hex,Without mesh,0,PTA
950,2.22,13.8,4.44,15,Hex,Without mesh,0,PTA
950,2.22,13.8,4.44,15,Hex,Without mesh,0,PTA
949,2.22,13.8,4.45,15,Hex,Without mesh,0,PTA
949,2.23,13.8,4.45,15,Hex,Without mesh,0,PTA
949,2.23,13.8,4.46,15,Hex,Without mesh,0,PTA
949,2.23,13.8,4.46,15,Hex,Without mesh,0,PTA
949,2.23,13.8,4.47,15,Hex,Without mesh,0,PTA
948,2.24,13.8,4.47,15,Hex,Without mesh,0,PTA
948,2.24,13.8,4.48,15,Hex,Without mesh,0,PTA
948,2.24,13.8,4.48,15,Hex,Without mesh,0,PTA
948,2.24,13.8,4.49,15,Hex,Without mesh,0,PTA
947,2.25,13.7,4.49,15,Hex,Without mesh,0,PTA
947,2.25,13.7,4.5,15,Hex,Without mesh,0,PTA
947,2.25,13.7,4.5,15,Hex,Without mesh,0,PTA
947,2.25,13.7,4.51,15,Hex,Without mesh,0,PTA
946,2.26,13.7,4.51,15,Hex,Without mesh,0,PTA
947,2.26,13.7,4.52,15,Hex,Without mesh,0,PTA
946,2.26,13.7,4.52,15,Hex,Without mesh,0,PTA
946,2.26,13.7,4.53,15,Hex,Without mesh,0,PTA
945,2.27,13.7,4.53,15,Hex,Without mesh,0,PTA
945,2.27,13.7,4.54,15,Hex,Without mesh,0,PTA
945,2.27,13.7,4.54,15,Hex,Without mesh,0,PTA
945,2.27,13.7,4.55,15,Hex,Without mesh,0,PTA
945,2.28,13.7,4.55,15,Hex,Without mesh,0,PTA
944,2.28,13.7,4.56,15,Hex,Without mesh,0,PTA
944,2.28,13.7,4.56,15,Hex,Without mesh,0,PTA
943,2.28,13.7,4.57,15,Hex,Without mesh,0,PTA
944,2.29,13.7,4.57,15,Hex,Without mesh,0,PTA
943,2.29,13.7,4.58,15,Hex,Without mesh,0,PTA
944,2.29,13.7,4.58,15,Hex,Without mesh,0,PTA
943,2.29,13.7,4.59,15,Hex,Without mesh,0,PTA
942,2.3,13.7,4.59,15,Hex,Without mesh,0,PTA
942,2.3,13.7,4.6,15,Hex,Without mesh,0,PTA
942,2.3,13.7,4.6,15,Hex,Without mesh,0,PTA
941,2.3,13.7,4.61,15,Hex,Without mesh,0,PTA
941,2.31,13.7,4.61,15,Hex,Without mesh,0,PTA
940,2.31,13.6,4.62,15,Hex,Without mesh,0,PTA
941,2.31,13.7,4.62,15,Hex,Without mesh,0,PTA
941,2.31,13.7,4.63,15,Hex,Without mesh,0,PTA
940,2.32,13.6,4.63,15,Hex,Without mesh,0,PTA
940,2.32,13.6,4.64,15,Hex,Without mesh,0,PTA
940,2.32,13.6,4.64,15,Hex,Without mesh,0,PTA
939,2.32,13.6,4.65,15,Hex,Without mesh,0,PTA
939,2.33,13.6,4.65,15,Hex,Without mesh,0,PTA
939,2.33,13.6,4.66,15,Hex,Without mesh,0,PTA
938,2.33,13.6,4.66,15,Hex,Without mesh,0,PTA
938,2.33,13.6,4.67,15,Hex,Without mesh,0,PTA
937,2.34,13.6,4.67,15,Hex,Without mesh,0,PTA
937,2.34,13.6,4.68,15,Hex,Without mesh,0,PTA
937,2.34,13.6,4.68,15,Hex,Without mesh,0,PTA
937,2.34,13.6,4.69,15,Hex,Without mesh,0,PTA
936,2.35,13.6,4.69,15,Hex,Without mesh,0,PTA
936,2.35,13.6,4.7,15,Hex,Without mesh,0,PTA
936,2.35,13.6,4.7,15,Hex,Without mesh,0,PTA
935,2.35,13.6,4.71,15,Hex,Without mesh,0,PTA
935,2.36,13.6,4.71,15,Hex,Without mesh,0,PTA
934,2.36,13.6,4.72,15,Hex,Without mesh,0,PTA
934,2.36,13.6,4.72,15,Hex,Without mesh,0,PTA
934,2.36,13.5,4.73,15,Hex,Without mesh,0,PTA
933,2.37,13.5,4.73,15,Hex,Without mesh,0,PTA
933,2.37,13.5,4.74,15,Hex,Without mesh,0,PTA
933,2.37,13.5,4.74,15,Hex,Without mesh,0,PTA
932,2.37,13.5,4.75,15,Hex,Without mesh,0,PTA
932,2.38,13.5,4.75,15,Hex,Without mesh,0,PTA
931,2.38,13.5,4.76,15,Hex,Without mesh,0,PTA
931,2.38,13.5,4.76,15,Hex,Without mesh,0,PTA
931,2.38,13.5,4.77,15,Hex,Without mesh,0,PTA
930,2.39,13.5,4.77,15,Hex,Without mesh,0,PTA
930,2.39,13.5,4.78,15,Hex,Without mesh,0,PTA
929,2.39,13.5,4.78,15,Hex,Without mesh,0,PTA
929,2.39,13.5,4.79,15,Hex,Without mesh,0,PTA
929,2.4,13.5,4.79,15,Hex,Without mesh,0,PTA
928,2.4,13.5,4.8,15,Hex,Without mesh,0,PTA
927,2.4,13.5,4.8,15,Hex,Without mesh,0,PTA
927,2.4,13.5,4.81,15,Hex,Without mesh,0,PTA
926,2.41,13.4,4.81,15,Hex,Without mesh,0,PTA
925,2.41,13.4,4.82,15,Hex,Without mesh,0,PTA
925,2.41,13.4,4.82,15,Hex,Without mesh,0,PTA
924,2.41,13.4,4.83,15,Hex,Without mesh,0,PTA
923,2.42,13.4,4.83,15,Hex,Without mesh,0,PTA
922,2.42,13.4,4.84,15,Hex,Without mesh,0,PTA
921,2.42,13.4,4.84,15,Hex,Without mesh,0,PTA
920,2.42,13.4,4.85,15,Hex,Without mesh,0,PTA
919,2.43,13.3,4.85,15,Hex,Without mesh,0,PTA
918,2.43,13.3,4.86,15,Hex,Without mesh,0,PTA
916,2.43,13.3,4.86,15,Hex,Without mesh,0,PTA
914,2.43,13.3,4.87,15,Hex,Without mesh,0,PTA
909,2.44,13.2,4.87,15,Hex,Without mesh,0,PTA
904,2.44,13.1,4.88,15,Hex,Without mesh,0,PTA
897,2.44,13,4.88,15,Hex,Without mesh,0,PTA
-228,2.44,-3.31,4.89,15,Hex,Without mesh,0,PTA
-133,2.45,-1.93,4.9,15,Hex,Without mesh,0,PTA
