Force (N),Position (mm),Stress (MPa),Strain (%),InFill %,InFill Type,mesh Type,Number of mesh layers,BaseMaterial
0.228,0,0.00351,0,15,3D,Without Mesh,0,PLA
0.121,0,0.00186,0,15,3D,Without Mesh,0,PLA
0.0894,0,0.00138,0,15,3D,Without Mesh,0,PLA
0.0894,0,0.00138,0,15,3D,Without Mesh,0,PLA
0.0894,0,0.00138,0,15,3D,Without Mesh,0,PLA
0.156,0,0.00241,0,15,3D,Without Mesh,0,PLA
0.156,0,0.00241,0,15,3D,Without Mesh,0,PLA
0.0878,0,0.00135,0,15,3D,Without Mesh,0,PLA
0.245,0,0.00377,0,15,3D,Without Mesh,0,PLA
0.174,0,0.00268,0,15,3D,Without Mesh,0,PLA
0.268,0,0.00412,0,15,3D,Without Mesh,0,PLA
0.264,0,0.00407,0,15,3D,Without Mesh,0,PLA
0.388,0,0.00596,0,15,3D,Without Mesh,0,PLA
0.325,0,0.005,0,15,3D,Without Mesh,0,PLA
0.554,0,0.00852,0,15,3D,Without Mesh,0,PLA
0.197,0,0.00303,0,15,3D,Without Mesh,0,PLA
0.336,0,0.00518,0,15,3D,Without Mesh,0,PLA
0.164,0,0.00253,0,15,3D,Without Mesh,0,PLA
0.348,0,0.00535,0,15,3D,Without Mesh,0,PLA
0.3,0,0.00461,0,15,3D,Without Mesh,0,PLA
0.293,0,0.00451,0,15,3D,Without Mesh,0,PLA
0.195,0,0.003,0,15,3D,Without Mesh,0,PLA
0.223,0,0.00343,0,15,3D,Without Mesh,0,PLA
0.113,0,0.00174,0,15,3D,Without Mesh,0,PLA
0.174,0,0.00267,0,15,3D,Without Mesh,0,PLA
0.329,0,0.00507,0,15,3D,Without Mesh,0,PLA
0.0612,0,0.000941,0,15,3D,Without Mesh,0,PLA
0.455,0,0.007,0,15,3D,Without Mesh,0,PLA
-0.0193,0,-0.000297,0,15,3D,Without Mesh,0,PLA
0.35,0,0.00539,0,15,3D,Without Mesh,0,PLA
0.0833,0,0.00128,0,15,3D,Without Mesh,0,PLA
0.309,0,0.00475,0,15,3D,Without Mesh,0,PLA
0.342,0,0.00526,0,15,3D,Without Mesh,0,PLA
0.321,0,0.00493,0,15,3D,Without Mesh,0,PLA
0.358,0,0.00551,0,15,3D,Without Mesh,0,PLA
0.285,0,0.00439,0,15,3D,Without Mesh,0,PLA
0.405,0,0.00623,0,15,3D,Without Mesh,0,PLA
0.706,0.0008,0.0109,0.0016,15,3D,Without Mesh,0,PLA
2.25,0.00258,0.0346,0.00517,15,3D,Without Mesh,0,PLA
3.36,0.00477,0.0517,0.00955,15,3D,Without Mesh,0,PLA
5.57,0.00706,0.0858,0.0141,15,3D,Without Mesh,0,PLA
7.16,0.00925,0.11,0.0185,15,3D,Without Mesh,0,PLA
9.16,0.0114,0.141,0.0229,15,3D,Without Mesh,0,PLA
11,0.0136,0.17,0.0273,15,3D,Without Mesh,0,PLA
13,0.0159,0.2,0.0318,15,3D,Without Mesh,0,PLA
15.3,0.0183,0.236,0.0366,15,3D,Without Mesh,0,PLA
17.7,0.0207,0.273,0.0414,15,3D,Without Mesh,0,PLA
20,0.0229,0.308,0.0458,15,3D,Without Mesh,0,PLA
22,0.0251,0.338,0.0502,15,3D,Without Mesh,0,PLA
24.2,0.0274,0.373,0.0547,15,3D,Without Mesh,0,PLA
26.4,0.0297,0.407,0.0593,15,3D,Without Mesh,0,PLA
28,0.0318,0.431,0.0637,15,3D,Without Mesh,0,PLA
30.5,0.0342,0.469,0.0685,15,3D,Without Mesh,0,PLA
32.3,0.0364,0.497,0.0728,15,3D,Without Mesh,0,PLA
34.5,0.0384,0.53,0.0768,15,3D,Without Mesh,0,PLA
36.5,0.0408,0.561,0.0816,15,3D,Without Mesh,0,PLA
38,0.043,0.585,0.086,15,3D,Without Mesh,0,PLA
40.8,0.0453,0.628,0.0906,15,3D,Without Mesh,0,PLA
42.5,0.0475,0.654,0.0949,15,3D,Without Mesh,0,PLA
44.6,0.0497,0.686,0.0993,15,3D,Without Mesh,0,PLA
46,0.0518,0.708,0.104,15,3D,Without Mesh,0,PLA
48.2,0.054,0.742,0.108,15,3D,Without Mesh,0,PLA
50,0.0562,0.769,0.112,15,3D,Without Mesh,0,PLA
53.8,0.0606,0.828,0.121,15,3D,Without Mesh,0,PLA
53.6,0.0608,0.824,0.122,15,3D,Without Mesh,0,PLA
56.1,0.0629,0.862,0.126,15,3D,Without Mesh,0,PLA
57.6,0.065,0.886,0.13,15,3D,Without Mesh,0,PLA
59.5,0.0673,0.915,0.135,15,3D,Without Mesh,0,PLA
61.3,0.0695,0.943,0.139,15,3D,Without Mesh,0,PLA
63.5,0.0717,0.977,0.143,15,3D,Without Mesh,0,PLA
65.2,0.0739,1,0.148,15,3D,Without Mesh,0,PLA
67.1,0.076,1.03,0.152,15,3D,Without Mesh,0,PLA
68.9,0.0781,1.06,0.156,15,3D,Without Mesh,0,PLA
70.4,0.0803,1.08,0.161,15,3D,Without Mesh,0,PLA
72.6,0.0826,1.12,0.165,15,3D,Without Mesh,0,PLA
74.1,0.0848,1.14,0.17,15,3D,Without Mesh,0,PLA
76.2,0.0869,1.17,0.174,15,3D,Without Mesh,0,PLA
77.5,0.089,1.19,0.178,15,3D,Without Mesh,0,PLA
79.6,0.0912,1.23,0.182,15,3D,Without Mesh,0,PLA
81.3,0.0934,1.25,0.187,15,3D,Without Mesh,0,PLA
83.2,0.0956,1.28,0.191,15,3D,Without Mesh,0,PLA
85.1,0.0978,1.31,0.196,15,3D,Without Mesh,0,PLA
86.6,0.0999,1.33,0.2,15,3D,Without Mesh,0,PLA
88.6,0.102,1.36,0.204,15,3D,Without Mesh,0,PLA
90.3,0.104,1.39,0.208,15,3D,Without Mesh,0,PLA
91.9,0.106,1.41,0.213,15,3D,Without Mesh,0,PLA
93.9,0.109,1.45,0.217,15,3D,Without Mesh,0,PLA
95.6,0.111,1.47,0.222,15,3D,Without Mesh,0,PLA
97.5,0.113,1.5,0.226,15,3D,Without Mesh,0,PLA
99.1,0.115,1.52,0.23,15,3D,Without Mesh,0,PLA
101,0.117,1.55,0.235,15,3D,Without Mesh,0,PLA
103,0.12,1.58,0.239,15,3D,Without Mesh,0,PLA
104,0.122,1.61,0.243,15,3D,Without Mesh,0,PLA
106,0.124,1.63,0.248,15,3D,Without Mesh,0,PLA
108,0.126,1.66,0.252,15,3D,Without Mesh,0,PLA
109,0.128,1.68,0.256,15,3D,Without Mesh,0,PLA
111,0.13,1.71,0.261,15,3D,Without Mesh,0,PLA
113,0.132,1.74,0.265,15,3D,Without Mesh,0,PLA
115,0.135,1.76,0.269,15,3D,Without Mesh,0,PLA
117,0.137,1.8,0.274,15,3D,Without Mesh,0,PLA
118,0.139,1.82,0.278,15,3D,Without Mesh,0,PLA
120,0.141,1.85,0.282,15,3D,Without Mesh,0,PLA
122,0.143,1.87,0.287,15,3D,Without Mesh,0,PLA
123,0.145,1.9,0.291,15,3D,Without Mesh,0,PLA
125,0.148,1.92,0.295,15,3D,Without Mesh,0,PLA
127,0.15,1.95,0.3,15,3D,Without Mesh,0,PLA
128,0.152,1.97,0.304,15,3D,Without Mesh,0,PLA
130,0.154,2,0.308,15,3D,Without Mesh,0,PLA
132,0.156,2.03,0.312,15,3D,Without Mesh,0,PLA
134,0.158,2.06,0.317,15,3D,Without Mesh,0,PLA
135,0.161,2.08,0.321,15,3D,Without Mesh,0,PLA
137,0.163,2.11,0.326,15,3D,Without Mesh,0,PLA
139,0.165,2.14,0.33,15,3D,Without Mesh,0,PLA
140,0.167,2.15,0.334,15,3D,Without Mesh,0,PLA
142,0.169,2.18,0.339,15,3D,Without Mesh,0,PLA
143,0.172,2.21,0.343,15,3D,Without Mesh,0,PLA
145,0.174,2.23,0.347,15,3D,Without Mesh,0,PLA
147,0.176,2.26,0.352,15,3D,Without Mesh,0,PLA
149,0.178,2.29,0.356,15,3D,Without Mesh,0,PLA
150,0.18,2.31,0.36,15,3D,Without Mesh,0,PLA
152,0.182,2.34,0.364,15,3D,Without Mesh,0,PLA
153,0.185,2.36,0.369,15,3D,Without Mesh,0,PLA
155,0.187,2.38,0.373,15,3D,Without Mesh,0,PLA
157,0.189,2.41,0.378,15,3D,Without Mesh,0,PLA
158,0.191,2.43,0.382,15,3D,Without Mesh,0,PLA
159,0.193,2.45,0.386,15,3D,Without Mesh,0,PLA
161,0.195,2.48,0.391,15,3D,Without Mesh,0,PLA
163,0.198,2.51,0.395,15,3D,Without Mesh,0,PLA
164,0.2,2.52,0.399,15,3D,Without Mesh,0,PLA
166,0.202,2.55,0.404,15,3D,Without Mesh,0,PLA
167,0.204,2.57,0.408,15,3D,Without Mesh,0,PLA
168,0.206,2.59,0.412,15,3D,Without Mesh,0,PLA
170,0.208,2.62,0.417,15,3D,Without Mesh,0,PLA
172,0.211,2.64,0.421,15,3D,Without Mesh,0,PLA
173,0.213,2.66,0.425,15,3D,Without Mesh,0,PLA
175,0.215,2.69,0.429,15,3D,Without Mesh,0,PLA
176,0.217,2.72,0.434,15,3D,Without Mesh,0,PLA
178,0.219,2.73,0.438,15,3D,Without Mesh,0,PLA
180,0.221,2.76,0.443,15,3D,Without Mesh,0,PLA
181,0.223,2.79,0.447,15,3D,Without Mesh,0,PLA
183,0.226,2.81,0.451,15,3D,Without Mesh,0,PLA
184,0.228,2.83,0.456,15,3D,Without Mesh,0,PLA
186,0.23,2.86,0.46,15,3D,Without Mesh,0,PLA
187,0.232,2.88,0.464,15,3D,Without Mesh,0,PLA
188,0.234,2.9,0.469,15,3D,Without Mesh,0,PLA
190,0.237,2.92,0.473,15,3D,Without Mesh,0,PLA
192,0.239,2.95,0.477,15,3D,Without Mesh,0,PLA
193,0.241,2.97,0.482,15,3D,Without Mesh,0,PLA
194,0.243,2.99,0.486,15,3D,Without Mesh,0,PLA
196,0.245,3.02,0.49,15,3D,Without Mesh,0,PLA
198,0.247,3.04,0.495,15,3D,Without Mesh,0,PLA
199,0.25,3.06,0.499,15,3D,Without Mesh,0,PLA
201,0.252,3.09,0.504,15,3D,Without Mesh,0,PLA
202,0.254,3.11,0.508,15,3D,Without Mesh,0,PLA
204,0.256,3.13,0.512,15,3D,Without Mesh,0,PLA
205,0.258,3.15,0.516,15,3D,Without Mesh,0,PLA
206,0.26,3.18,0.521,15,3D,Without Mesh,0,PLA
208,0.263,3.2,0.525,15,3D,Without Mesh,0,PLA
210,0.265,3.23,0.529,15,3D,Without Mesh,0,PLA
211,0.267,3.25,0.534,15,3D,Without Mesh,0,PLA
212,0.269,3.27,0.538,15,3D,Without Mesh,0,PLA
214,0.271,3.29,0.542,15,3D,Without Mesh,0,PLA
216,0.273,3.32,0.547,15,3D,Without Mesh,0,PLA
217,0.276,3.34,0.551,15,3D,Without Mesh,0,PLA
218,0.278,3.36,0.555,15,3D,Without Mesh,0,PLA
220,0.28,3.38,0.56,15,3D,Without Mesh,0,PLA
221,0.282,3.41,0.564,15,3D,Without Mesh,0,PLA
223,0.284,3.43,0.568,15,3D,Without Mesh,0,PLA
224,0.286,3.45,0.573,15,3D,Without Mesh,0,PLA
226,0.289,3.48,0.577,15,3D,Without Mesh,0,PLA
227,0.291,3.5,0.581,15,3D,Without Mesh,0,PLA
228,0.293,3.51,0.586,15,3D,Without Mesh,0,PLA
230,0.295,3.54,0.59,15,3D,Without Mesh,0,PLA
232,0.297,3.56,0.594,15,3D,Without Mesh,0,PLA
233,0.299,3.59,0.599,15,3D,Without Mesh,0,PLA
235,0.302,3.61,0.603,15,3D,Without Mesh,0,PLA
236,0.304,3.63,0.607,15,3D,Without Mesh,0,PLA
237,0.306,3.65,0.612,15,3D,Without Mesh,0,PLA
238,0.308,3.67,0.616,15,3D,Without Mesh,0,PLA
240,0.31,3.69,0.62,15,3D,Without Mesh,0,PLA
241,0.312,3.71,0.625,15,3D,Without Mesh,0,PLA
243,0.315,3.74,0.629,15,3D,Without Mesh,0,PLA
244,0.317,3.76,0.634,15,3D,Without Mesh,0,PLA
246,0.319,3.79,0.638,15,3D,Without Mesh,0,PLA
247,0.321,3.8,0.642,15,3D,Without Mesh,0,PLA
249,0.323,3.83,0.646,15,3D,Without Mesh,0,PLA
250,0.325,3.85,0.651,15,3D,Without Mesh,0,PLA
252,0.328,3.88,0.655,15,3D,Without Mesh,0,PLA
253,0.33,3.89,0.66,15,3D,Without Mesh,0,PLA
255,0.332,3.92,0.664,15,3D,Without Mesh,0,PLA
256,0.334,3.94,0.668,15,3D,Without Mesh,0,PLA
257,0.336,3.96,0.673,15,3D,Without Mesh,0,PLA
259,0.338,3.98,0.677,15,3D,Without Mesh,0,PLA
260,0.341,4,0.681,15,3D,Without Mesh,0,PLA
262,0.343,4.03,0.686,15,3D,Without Mesh,0,PLA
263,0.345,4.04,0.69,15,3D,Without Mesh,0,PLA
264,0.347,4.07,0.694,15,3D,Without Mesh,0,PLA
265,0.349,4.08,0.699,15,3D,Without Mesh,0,PLA
267,0.352,4.11,0.703,15,3D,Without Mesh,0,PLA
268,0.354,4.13,0.708,15,3D,Without Mesh,0,PLA
270,0.356,4.16,0.712,15,3D,Without Mesh,0,PLA
271,0.358,4.17,0.716,15,3D,Without Mesh,0,PLA
272,0.36,4.19,0.72,15,3D,Without Mesh,0,PLA
274,0.362,4.22,0.725,15,3D,Without Mesh,0,PLA
276,0.365,4.24,0.729,15,3D,Without Mesh,0,PLA
277,0.367,4.26,0.734,15,3D,Without Mesh,0,PLA
278,0.369,4.28,0.738,15,3D,Without Mesh,0,PLA
280,0.371,4.31,0.742,15,3D,Without Mesh,0,PLA
281,0.373,4.32,0.746,15,3D,Without Mesh,0,PLA
283,0.375,4.35,0.751,15,3D,Without Mesh,0,PLA
283,0.378,4.36,0.755,15,3D,Without Mesh,0,PLA
285,0.38,4.39,0.76,15,3D,Without Mesh,0,PLA
286,0.382,4.4,0.764,15,3D,Without Mesh,0,PLA
288,0.384,4.43,0.768,15,3D,Without Mesh,0,PLA
289,0.386,4.45,0.772,15,3D,Without Mesh,0,PLA
291,0.388,4.47,0.777,15,3D,Without Mesh,0,PLA
292,0.391,4.49,0.781,15,3D,Without Mesh,0,PLA
293,0.393,4.51,0.785,15,3D,Without Mesh,0,PLA
295,0.395,4.54,0.79,15,3D,Without Mesh,0,PLA
295,0.397,4.54,0.794,15,3D,Without Mesh,0,PLA
297,0.399,4.57,0.798,15,3D,Without Mesh,0,PLA
298,0.401,4.58,0.802,15,3D,Without Mesh,0,PLA
300,0.403,4.61,0.807,15,3D,Without Mesh,0,PLA
301,0.406,4.62,0.811,15,3D,Without Mesh,0,PLA
302,0.408,4.65,0.815,15,3D,Without Mesh,0,PLA
303,0.41,4.67,0.819,15,3D,Without Mesh,0,PLA
305,0.412,4.69,0.824,15,3D,Without Mesh,0,PLA
306,0.414,4.71,0.828,15,3D,Without Mesh,0,PLA
307,0.416,4.73,0.832,15,3D,Without Mesh,0,PLA
309,0.419,4.75,0.837,15,3D,Without Mesh,0,PLA
310,0.421,4.77,0.841,15,3D,Without Mesh,0,PLA
311,0.423,4.79,0.845,15,3D,Without Mesh,0,PLA
312,0.425,4.81,0.85,15,3D,Without Mesh,0,PLA
314,0.427,4.84,0.854,15,3D,Without Mesh,0,PLA
315,0.429,4.85,0.858,15,3D,Without Mesh,0,PLA
317,0.431,4.87,0.863,15,3D,Without Mesh,0,PLA
318,0.434,4.89,0.867,15,3D,Without Mesh,0,PLA
319,0.436,4.91,0.871,15,3D,Without Mesh,0,PLA
321,0.438,4.94,0.876,15,3D,Without Mesh,0,PLA
322,0.44,4.95,0.88,15,3D,Without Mesh,0,PLA
323,0.442,4.97,0.884,15,3D,Without Mesh,0,PLA
325,0.444,5,0.889,15,3D,Without Mesh,0,PLA
326,0.447,5.02,0.893,15,3D,Without Mesh,0,PLA
327,0.449,5.03,0.898,15,3D,Without Mesh,0,PLA
329,0.451,5.06,0.902,15,3D,Without Mesh,0,PLA
330,0.453,5.07,0.906,15,3D,Without Mesh,0,PLA
332,0.455,5.1,0.911,15,3D,Without Mesh,0,PLA
332,0.458,5.11,0.915,15,3D,Without Mesh,0,PLA
334,0.46,5.14,0.919,15,3D,Without Mesh,0,PLA
335,0.462,5.15,0.924,15,3D,Without Mesh,0,PLA
337,0.464,5.18,0.928,15,3D,Without Mesh,0,PLA
338,0.466,5.2,0.933,15,3D,Without Mesh,0,PLA
339,0.468,5.22,0.937,15,3D,Without Mesh,0,PLA
341,0.471,5.25,0.941,15,3D,Without Mesh,0,PLA
342,0.473,5.26,0.946,15,3D,Without Mesh,0,PLA
344,0.475,5.29,0.95,15,3D,Without Mesh,0,PLA
344,0.477,5.3,0.954,15,3D,Without Mesh,0,PLA
346,0.479,5.33,0.959,15,3D,Without Mesh,0,PLA
347,0.481,5.34,0.963,15,3D,Without Mesh,0,PLA
349,0.484,5.37,0.967,15,3D,Without Mesh,0,PLA
350,0.486,5.38,0.972,15,3D,Without Mesh,0,PLA
351,0.488,5.4,0.976,15,3D,Without Mesh,0,PLA
353,0.49,5.43,0.98,15,3D,Without Mesh,0,PLA
354,0.492,5.45,0.985,15,3D,Without Mesh,0,PLA
356,0.495,5.47,0.989,15,3D,Without Mesh,0,PLA
356,0.497,5.48,0.993,15,3D,Without Mesh,0,PLA
358,0.499,5.51,0.998,15,3D,Without Mesh,0,PLA
359,0.501,5.52,1,15,3D,Without Mesh,0,PLA
361,0.503,5.55,1.01,15,3D,Without Mesh,0,PLA
362,0.505,5.57,1.01,15,3D,Without Mesh,0,PLA
363,0.508,5.59,1.02,15,3D,Without Mesh,0,PLA
365,0.51,5.61,1.02,15,3D,Without Mesh,0,PLA
366,0.512,5.63,1.02,15,3D,Without Mesh,0,PLA
367,0.514,5.65,1.03,15,3D,Without Mesh,0,PLA
369,0.516,5.67,1.03,15,3D,Without Mesh,0,PLA
370,0.518,5.69,1.04,15,3D,Without Mesh,0,PLA
371,0.521,5.71,1.04,15,3D,Without Mesh,0,PLA
373,0.523,5.73,1.05,15,3D,Without Mesh,0,PLA
374,0.525,5.75,1.05,15,3D,Without Mesh,0,PLA
375,0.527,5.77,1.05,15,3D,Without Mesh,0,PLA
376,0.529,5.79,1.06,15,3D,Without Mesh,0,PLA
378,0.532,5.81,1.06,15,3D,Without Mesh,0,PLA
379,0.534,5.83,1.07,15,3D,Without Mesh,0,PLA
380,0.536,5.85,1.07,15,3D,Without Mesh,0,PLA
381,0.538,5.87,1.08,15,3D,Without Mesh,0,PLA
383,0.54,5.89,1.08,15,3D,Without Mesh,0,PLA
384,0.542,5.91,1.08,15,3D,Without Mesh,0,PLA
385,0.544,5.93,1.09,15,3D,Without Mesh,0,PLA
387,0.547,5.95,1.09,15,3D,Without Mesh,0,PLA
388,0.549,5.97,1.1,15,3D,Without Mesh,0,PLA
389,0.551,5.98,1.1,15,3D,Without Mesh,0,PLA
390,0.553,6,1.11,15,3D,Without Mesh,0,PLA
392,0.555,6.02,1.11,15,3D,Without Mesh,0,PLA
393,0.557,6.04,1.11,15,3D,Without Mesh,0,PLA
394,0.56,6.07,1.12,15,3D,Without Mesh,0,PLA
396,0.562,6.09,1.12,15,3D,Without Mesh,0,PLA
397,0.564,6.1,1.13,15,3D,Without Mesh,0,PLA
398,0.566,6.12,1.13,15,3D,Without Mesh,0,PLA
399,0.568,6.14,1.14,15,3D,Without Mesh,0,PLA
401,0.57,6.16,1.14,15,3D,Without Mesh,0,PLA
402,0.573,6.18,1.15,15,3D,Without Mesh,0,PLA
403,0.575,6.2,1.15,15,3D,Without Mesh,0,PLA
404,0.577,6.22,1.15,15,3D,Without Mesh,0,PLA
405,0.579,6.23,1.16,15,3D,Without Mesh,0,PLA
407,0.581,6.26,1.16,15,3D,Without Mesh,0,PLA
408,0.583,6.28,1.17,15,3D,Without Mesh,0,PLA
409,0.586,6.3,1.17,15,3D,Without Mesh,0,PLA
411,0.588,6.32,1.18,15,3D,Without Mesh,0,PLA
412,0.59,6.34,1.18,15,3D,Without Mesh,0,PLA
413,0.592,6.36,1.18,15,3D,Without Mesh,0,PLA
415,0.594,6.38,1.19,15,3D,Without Mesh,0,PLA
416,0.597,6.39,1.19,15,3D,Without Mesh,0,PLA
417,0.599,6.41,1.2,15,3D,Without Mesh,0,PLA
418,0.601,6.43,1.2,15,3D,Without Mesh,0,PLA
419,0.603,6.45,1.21,15,3D,Without Mesh,0,PLA
421,0.605,6.47,1.21,15,3D,Without Mesh,0,PLA
422,0.608,6.49,1.22,15,3D,Without Mesh,0,PLA
423,0.61,6.51,1.22,15,3D,Without Mesh,0,PLA
424,0.612,6.53,1.22,15,3D,Without Mesh,0,PLA
426,0.614,6.55,1.23,15,3D,Without Mesh,0,PLA
427,0.616,6.57,1.23,15,3D,Without Mesh,0,PLA
428,0.618,6.58,1.24,15,3D,Without Mesh,0,PLA
430,0.62,6.61,1.24,15,3D,Without Mesh,0,PLA
431,0.623,6.63,1.25,15,3D,Without Mesh,0,PLA
432,0.625,6.65,1.25,15,3D,Without Mesh,0,PLA
433,0.627,6.67,1.25,15,3D,Without Mesh,0,PLA
434,0.629,6.68,1.26,15,3D,Without Mesh,0,PLA
435,0.631,6.7,1.26,15,3D,Without Mesh,0,PLA
437,0.634,6.72,1.27,15,3D,Without Mesh,0,PLA
438,0.636,6.73,1.27,15,3D,Without Mesh,0,PLA
440,0.638,6.76,1.28,15,3D,Without Mesh,0,PLA
441,0.64,6.78,1.28,15,3D,Without Mesh,0,PLA
442,0.642,6.8,1.28,15,3D,Without Mesh,0,PLA
443,0.644,6.81,1.29,15,3D,Without Mesh,0,PLA
444,0.647,6.84,1.29,15,3D,Without Mesh,0,PLA
446,0.649,6.85,1.3,15,3D,Without Mesh,0,PLA
447,0.651,6.87,1.3,15,3D,Without Mesh,0,PLA
448,0.653,6.89,1.31,15,3D,Without Mesh,0,PLA
449,0.655,6.91,1.31,15,3D,Without Mesh,0,PLA
450,0.657,6.93,1.31,15,3D,Without Mesh,0,PLA
452,0.66,6.95,1.32,15,3D,Without Mesh,0,PLA
453,0.662,6.97,1.32,15,3D,Without Mesh,0,PLA
454,0.664,6.99,1.33,15,3D,Without Mesh,0,PLA
455,0.666,7.01,1.33,15,3D,Without Mesh,0,PLA
457,0.668,7.03,1.34,15,3D,Without Mesh,0,PLA
458,0.67,7.04,1.34,15,3D,Without Mesh,0,PLA
459,0.673,7.07,1.35,15,3D,Without Mesh,0,PLA
461,0.675,7.09,1.35,15,3D,Without Mesh,0,PLA
462,0.677,7.1,1.35,15,3D,Without Mesh,0,PLA
463,0.679,7.12,1.36,15,3D,Without Mesh,0,PLA
464,0.681,7.14,1.36,15,3D,Without Mesh,0,PLA
465,0.683,7.16,1.37,15,3D,Without Mesh,0,PLA
466,0.685,7.18,1.37,15,3D,Without Mesh,0,PLA
468,0.688,7.2,1.38,15,3D,Without Mesh,0,PLA
469,0.69,7.22,1.38,15,3D,Without Mesh,0,PLA
470,0.692,7.24,1.38,15,3D,Without Mesh,0,PLA
472,0.694,7.25,1.39,15,3D,Without Mesh,0,PLA
473,0.696,7.27,1.39,15,3D,Without Mesh,0,PLA
475,0.698,7.3,1.4,15,3D,Without Mesh,0,PLA
475,0.701,7.31,1.4,15,3D,Without Mesh,0,PLA
477,0.703,7.33,1.41,15,3D,Without Mesh,0,PLA
478,0.705,7.35,1.41,15,3D,Without Mesh,0,PLA
479,0.707,7.37,1.41,15,3D,Without Mesh,0,PLA
480,0.709,7.39,1.42,15,3D,Without Mesh,0,PLA
481,0.712,7.41,1.42,15,3D,Without Mesh,0,PLA
483,0.714,7.42,1.43,15,3D,Without Mesh,0,PLA
484,0.716,7.45,1.43,15,3D,Without Mesh,0,PLA
485,0.718,7.46,1.44,15,3D,Without Mesh,0,PLA
487,0.72,7.49,1.44,15,3D,Without Mesh,0,PLA
488,0.722,7.5,1.44,15,3D,Without Mesh,0,PLA
489,0.725,7.52,1.45,15,3D,Without Mesh,0,PLA
490,0.727,7.54,1.45,15,3D,Without Mesh,0,PLA
491,0.729,7.56,1.46,15,3D,Without Mesh,0,PLA
493,0.731,7.58,1.46,15,3D,Without Mesh,0,PLA
494,0.733,7.6,1.47,15,3D,Without Mesh,0,PLA
495,0.735,7.62,1.47,15,3D,Without Mesh,0,PLA
496,0.738,7.63,1.48,15,3D,Without Mesh,0,PLA
498,0.74,7.66,1.48,15,3D,Without Mesh,0,PLA
498,0.742,7.67,1.48,15,3D,Without Mesh,0,PLA
500,0.744,7.69,1.49,15,3D,Without Mesh,0,PLA
501,0.746,7.7,1.49,15,3D,Without Mesh,0,PLA
503,0.748,7.73,1.5,15,3D,Without Mesh,0,PLA
503,0.751,7.74,1.5,15,3D,Without Mesh,0,PLA
505,0.753,7.76,1.51,15,3D,Without Mesh,0,PLA
506,0.755,7.78,1.51,15,3D,Without Mesh,0,PLA
507,0.757,7.79,1.51,15,3D,Without Mesh,0,PLA
509,0.759,7.82,1.52,15,3D,Without Mesh,0,PLA
509,0.761,7.83,1.52,15,3D,Without Mesh,0,PLA
511,0.764,7.86,1.53,15,3D,Without Mesh,0,PLA
512,0.766,7.87,1.53,15,3D,Without Mesh,0,PLA
513,0.768,7.9,1.54,15,3D,Without Mesh,0,PLA
514,0.77,7.9,1.54,15,3D,Without Mesh,0,PLA
516,0.772,7.93,1.54,15,3D,Without Mesh,0,PLA
517,0.774,7.95,1.55,15,3D,Without Mesh,0,PLA
518,0.777,7.97,1.55,15,3D,Without Mesh,0,PLA
519,0.779,7.99,1.56,15,3D,Without Mesh,0,PLA
520,0.781,8,1.56,15,3D,Without Mesh,0,PLA
522,0.783,8.03,1.57,15,3D,Without Mesh,0,PLA
523,0.785,8.04,1.57,15,3D,Without Mesh,0,PLA
524,0.787,8.06,1.57,15,3D,Without Mesh,0,PLA
525,0.79,8.07,1.58,15,3D,Without Mesh,0,PLA
526,0.792,8.1,1.58,15,3D,Without Mesh,0,PLA
528,0.794,8.12,1.59,15,3D,Without Mesh,0,PLA
529,0.796,8.14,1.59,15,3D,Without Mesh,0,PLA
530,0.798,8.15,1.6,15,3D,Without Mesh,0,PLA
531,0.8,8.17,1.6,15,3D,Without Mesh,0,PLA
533,0.803,8.19,1.61,15,3D,Without Mesh,0,PLA
533,0.805,8.2,1.61,15,3D,Without Mesh,0,PLA
535,0.807,8.23,1.61,15,3D,Without Mesh,0,PLA
535,0.809,8.23,1.62,15,3D,Without Mesh,0,PLA
538,0.811,8.27,1.62,15,3D,Without Mesh,0,PLA
538,0.813,8.27,1.63,15,3D,Without Mesh,0,PLA
540,0.816,8.3,1.63,15,3D,Without Mesh,0,PLA
540,0.818,8.31,1.64,15,3D,Without Mesh,0,PLA
542,0.82,8.33,1.64,15,3D,Without Mesh,0,PLA
543,0.822,8.35,1.64,15,3D,Without Mesh,0,PLA
544,0.824,8.37,1.65,15,3D,Without Mesh,0,PLA
545,0.826,8.39,1.65,15,3D,Without Mesh,0,PLA
547,0.829,8.41,1.66,15,3D,Without Mesh,0,PLA
548,0.831,8.43,1.66,15,3D,Without Mesh,0,PLA
549,0.833,8.44,1.67,15,3D,Without Mesh,0,PLA
550,0.835,8.46,1.67,15,3D,Without Mesh,0,PLA
551,0.837,8.48,1.67,15,3D,Without Mesh,0,PLA
552,0.839,8.5,1.68,15,3D,Without Mesh,0,PLA
554,0.842,8.52,1.68,15,3D,Without Mesh,0,PLA
555,0.844,8.53,1.69,15,3D,Without Mesh,0,PLA
556,0.846,8.55,1.69,15,3D,Without Mesh,0,PLA
557,0.848,8.57,1.7,15,3D,Without Mesh,0,PLA
558,0.85,8.58,1.7,15,3D,Without Mesh,0,PLA
559,0.853,8.61,1.71,15,3D,Without Mesh,0,PLA
560,0.855,8.62,1.71,15,3D,Without Mesh,0,PLA
562,0.857,8.64,1.71,15,3D,Without Mesh,0,PLA
563,0.859,8.65,1.72,15,3D,Without Mesh,0,PLA
564,0.861,8.68,1.72,15,3D,Without Mesh,0,PLA
565,0.863,8.69,1.73,15,3D,Without Mesh,0,PLA
566,0.866,8.71,1.73,15,3D,Without Mesh,0,PLA
568,0.868,8.73,1.74,15,3D,Without Mesh,0,PLA
569,0.87,8.75,1.74,15,3D,Without Mesh,0,PLA
570,0.872,8.76,1.74,15,3D,Without Mesh,0,PLA
571,0.874,8.79,1.75,15,3D,Without Mesh,0,PLA
572,0.877,8.8,1.75,15,3D,Without Mesh,0,PLA
573,0.879,8.82,1.76,15,3D,Without Mesh,0,PLA
574,0.881,8.84,1.76,15,3D,Without Mesh,0,PLA
576,0.883,8.86,1.77,15,3D,Without Mesh,0,PLA
576,0.885,8.87,1.77,15,3D,Without Mesh,0,PLA
578,0.887,8.89,1.77,15,3D,Without Mesh,0,PLA
579,0.889,8.91,1.78,15,3D,Without Mesh,0,PLA
580,0.892,8.92,1.78,15,3D,Without Mesh,0,PLA
581,0.894,8.94,1.79,15,3D,Without Mesh,0,PLA
582,0.896,8.96,1.79,15,3D,Without Mesh,0,PLA
584,0.898,8.98,1.8,15,3D,Without Mesh,0,PLA
584,0.9,8.99,1.8,15,3D,Without Mesh,0,PLA
586,0.902,9.01,1.8,15,3D,Without Mesh,0,PLA
587,0.905,9.03,1.81,15,3D,Without Mesh,0,PLA
588,0.907,9.05,1.81,15,3D,Without Mesh,0,PLA
589,0.909,9.06,1.82,15,3D,Without Mesh,0,PLA
590,0.911,9.08,1.82,15,3D,Without Mesh,0,PLA
591,0.913,9.09,1.83,15,3D,Without Mesh,0,PLA
592,0.915,9.11,1.83,15,3D,Without Mesh,0,PLA
594,0.918,9.13,1.84,15,3D,Without Mesh,0,PLA
595,0.92,9.15,1.84,15,3D,Without Mesh,0,PLA
596,0.922,9.17,1.84,15,3D,Without Mesh,0,PLA
597,0.924,9.19,1.85,15,3D,Without Mesh,0,PLA
598,0.926,9.2,1.85,15,3D,Without Mesh,0,PLA
599,0.929,9.22,1.86,15,3D,Without Mesh,0,PLA
601,0.931,9.24,1.86,15,3D,Without Mesh,0,PLA
601,0.933,9.25,1.87,15,3D,Without Mesh,0,PLA
603,0.935,9.27,1.87,15,3D,Without Mesh,0,PLA
603,0.937,9.28,1.87,15,3D,Without Mesh,0,PLA
605,0.939,9.31,1.88,15,3D,Without Mesh,0,PLA
606,0.941,9.32,1.88,15,3D,Without Mesh,0,PLA
607,0.944,9.34,1.89,15,3D,Without Mesh,0,PLA
608,0.946,9.36,1.89,15,3D,Without Mesh,0,PLA
609,0.948,9.37,1.9,15,3D,Without Mesh,0,PLA
610,0.95,9.39,1.9,15,3D,Without Mesh,0,PLA
611,0.952,9.4,1.9,15,3D,Without Mesh,0,PLA
613,0.954,9.43,1.91,15,3D,Without Mesh,0,PLA
614,0.957,9.44,1.91,15,3D,Without Mesh,0,PLA
615,0.959,9.46,1.92,15,3D,Without Mesh,0,PLA
616,0.961,9.47,1.92,15,3D,Without Mesh,0,PLA
617,0.963,9.49,1.93,15,3D,Without Mesh,0,PLA
618,0.965,9.51,1.93,15,3D,Without Mesh,0,PLA
619,0.967,9.52,1.93,15,3D,Without Mesh,0,PLA
620,0.97,9.54,1.94,15,3D,Without Mesh,0,PLA
621,0.972,9.56,1.94,15,3D,Without Mesh,0,PLA
622,0.974,9.57,1.95,15,3D,Without Mesh,0,PLA
623,0.976,9.59,1.95,15,3D,Without Mesh,0,PLA
624,0.978,9.6,1.96,15,3D,Without Mesh,0,PLA
626,0.98,9.63,1.96,15,3D,Without Mesh,0,PLA
627,0.983,9.64,1.97,15,3D,Without Mesh,0,PLA
628,0.985,9.66,1.97,15,3D,Without Mesh,0,PLA
629,0.987,9.67,1.97,15,3D,Without Mesh,0,PLA
630,0.989,9.7,1.98,15,3D,Without Mesh,0,PLA
631,0.991,9.71,1.98,15,3D,Without Mesh,0,PLA
632,0.994,9.73,1.99,15,3D,Without Mesh,0,PLA
634,0.996,9.75,1.99,15,3D,Without Mesh,0,PLA
635,0.998,9.76,2,15,3D,Without Mesh,0,PLA
636,1,9.78,2,15,3D,Without Mesh,0,PLA
637,1,9.79,2,15,3D,Without Mesh,0,PLA
638,1,9.81,2.01,15,3D,Without Mesh,0,PLA
639,1.01,9.83,2.01,15,3D,Without Mesh,0,PLA
640,1.01,9.85,2.02,15,3D,Without Mesh,0,PLA
641,1.01,9.86,2.02,15,3D,Without Mesh,0,PLA
642,1.01,9.88,2.03,15,3D,Without Mesh,0,PLA
643,1.02,9.89,2.03,15,3D,Without Mesh,0,PLA
644,1.02,9.91,2.03,15,3D,Without Mesh,0,PLA
645,1.02,9.92,2.04,15,3D,Without Mesh,0,PLA
646,1.02,9.94,2.04,15,3D,Without Mesh,0,PLA
647,1.02,9.96,2.05,15,3D,Without Mesh,0,PLA
648,1.03,9.97,2.05,15,3D,Without Mesh,0,PLA
649,1.03,9.99,2.06,15,3D,Without Mesh,0,PLA
651,1.03,10,2.06,15,3D,Without Mesh,0,PLA
651,1.03,10,2.07,15,3D,Without Mesh,0,PLA
653,1.03,10,2.07,15,3D,Without Mesh,0,PLA
654,1.04,10.1,2.07,15,3D,Without Mesh,0,PLA
655,1.04,10.1,2.08,15,3D,Without Mesh,0,PLA
656,1.04,10.1,2.08,15,3D,Without Mesh,0,PLA
657,1.04,10.1,2.09,15,3D,Without Mesh,0,PLA
658,1.05,10.1,2.09,15,3D,Without Mesh,0,PLA
659,1.05,10.1,2.1,15,3D,Without Mesh,0,PLA
660,1.05,10.2,2.1,15,3D,Without Mesh,0,PLA
661,1.05,10.2,2.1,15,3D,Without Mesh,0,PLA
662,1.05,10.2,2.11,15,3D,Without Mesh,0,PLA
663,1.06,10.2,2.11,15,3D,Without Mesh,0,PLA
664,1.06,10.2,2.12,15,3D,Without Mesh,0,PLA
665,1.06,10.2,2.12,15,3D,Without Mesh,0,PLA
667,1.06,10.3,2.13,15,3D,Without Mesh,0,PLA
668,1.07,10.3,2.13,15,3D,Without Mesh,0,PLA
669,1.07,10.3,2.13,15,3D,Without Mesh,0,PLA
669,1.07,10.3,2.14,15,3D,Without Mesh,0,PLA
671,1.07,10.3,2.14,15,3D,Without Mesh,0,PLA
671,1.07,10.3,2.15,15,3D,Without Mesh,0,PLA
673,1.08,10.4,2.15,15,3D,Without Mesh,0,PLA
674,1.08,10.4,2.16,15,3D,Without Mesh,0,PLA
675,1.08,10.4,2.16,15,3D,Without Mesh,0,PLA
675,1.08,10.4,2.16,15,3D,Without Mesh,0,PLA
677,1.08,10.4,2.17,15,3D,Without Mesh,0,PLA
678,1.09,10.4,2.17,15,3D,Without Mesh,0,PLA
679,1.09,10.4,2.18,15,3D,Without Mesh,0,PLA
680,1.09,10.5,2.18,15,3D,Without Mesh,0,PLA
681,1.09,10.5,2.19,15,3D,Without Mesh,0,PLA
682,1.1,10.5,2.19,15,3D,Without Mesh,0,PLA
683,1.1,10.5,2.2,15,3D,Without Mesh,0,PLA
684,1.1,10.5,2.2,15,3D,Without Mesh,0,PLA
685,1.1,10.5,2.2,15,3D,Without Mesh,0,PLA
686,1.1,10.6,2.21,15,3D,Without Mesh,0,PLA
687,1.11,10.6,2.21,15,3D,Without Mesh,0,PLA
689,1.11,10.6,2.22,15,3D,Without Mesh,0,PLA
689,1.11,10.6,2.22,15,3D,Without Mesh,0,PLA
690,1.11,10.6,2.23,15,3D,Without Mesh,0,PLA
691,1.11,10.6,2.23,15,3D,Without Mesh,0,PLA
692,1.12,10.7,2.23,15,3D,Without Mesh,0,PLA
693,1.12,10.7,2.24,15,3D,Without Mesh,0,PLA
695,1.12,10.7,2.24,15,3D,Without Mesh,0,PLA
696,1.12,10.7,2.25,15,3D,Without Mesh,0,PLA
697,1.13,10.7,2.25,15,3D,Without Mesh,0,PLA
697,1.13,10.7,2.26,15,3D,Without Mesh,0,PLA
699,1.13,10.8,2.26,15,3D,Without Mesh,0,PLA
699,1.13,10.8,2.26,15,3D,Without Mesh,0,PLA
701,1.13,10.8,2.27,15,3D,Without Mesh,0,PLA
702,1.14,10.8,2.27,15,3D,Without Mesh,0,PLA
702,1.14,10.8,2.28,15,3D,Without Mesh,0,PLA
703,1.14,10.8,2.28,15,3D,Without Mesh,0,PLA
705,1.14,10.8,2.29,15,3D,Without Mesh,0,PLA
705,1.15,10.9,2.29,15,3D,Without Mesh,0,PLA
707,1.15,10.9,2.3,15,3D,Without Mesh,0,PLA
707,1.15,10.9,2.3,15,3D,Without Mesh,0,PLA
708,1.15,10.9,2.3,15,3D,Without Mesh,0,PLA
709,1.15,10.9,2.31,15,3D,Without Mesh,0,PLA
710,1.16,10.9,2.31,15,3D,Without Mesh,0,PLA
711,1.16,10.9,2.32,15,3D,Without Mesh,0,PLA
712,1.16,11,2.32,15,3D,Without Mesh,0,PLA
713,1.16,11,2.33,15,3D,Without Mesh,0,PLA
714,1.16,11,2.33,15,3D,Without Mesh,0,PLA
715,1.17,11,2.33,15,3D,Without Mesh,0,PLA
716,1.17,11,2.34,15,3D,Without Mesh,0,PLA
717,1.17,11,2.34,15,3D,Without Mesh,0,PLA
718,1.17,11,2.35,15,3D,Without Mesh,0,PLA
719,1.18,11.1,2.35,15,3D,Without Mesh,0,PLA
720,1.18,11.1,2.36,15,3D,Without Mesh,0,PLA
721,1.18,11.1,2.36,15,3D,Without Mesh,0,PLA
722,1.18,11.1,2.36,15,3D,Without Mesh,0,PLA
723,1.18,11.1,2.37,15,3D,Without Mesh,0,PLA
724,1.19,11.1,2.37,15,3D,Without Mesh,0,PLA
725,1.19,11.2,2.38,15,3D,Without Mesh,0,PLA
726,1.19,11.2,2.38,15,3D,Without Mesh,0,PLA
727,1.19,11.2,2.39,15,3D,Without Mesh,0,PLA
728,1.2,11.2,2.39,15,3D,Without Mesh,0,PLA
729,1.2,11.2,2.4,15,3D,Without Mesh,0,PLA
730,1.2,11.2,2.4,15,3D,Without Mesh,0,PLA
731,1.2,11.2,2.4,15,3D,Without Mesh,0,PLA
732,1.2,11.3,2.41,15,3D,Without Mesh,0,PLA
733,1.21,11.3,2.41,15,3D,Without Mesh,0,PLA
734,1.21,11.3,2.42,15,3D,Without Mesh,0,PLA
735,1.21,11.3,2.42,15,3D,Without Mesh,0,PLA
735,1.21,11.3,2.43,15,3D,Without Mesh,0,PLA
737,1.21,11.3,2.43,15,3D,Without Mesh,0,PLA
737,1.22,11.3,2.43,15,3D,Without Mesh,0,PLA
738,1.22,11.4,2.44,15,3D,Without Mesh,0,PLA
739,1.22,11.4,2.44,15,3D,Without Mesh,0,PLA
741,1.22,11.4,2.45,15,3D,Without Mesh,0,PLA
742,1.23,11.4,2.45,15,3D,Without Mesh,0,PLA
742,1.23,11.4,2.46,15,3D,Without Mesh,0,PLA
743,1.23,11.4,2.46,15,3D,Without Mesh,0,PLA
744,1.23,11.5,2.46,15,3D,Without Mesh,0,PLA
745,1.23,11.5,2.47,15,3D,Without Mesh,0,PLA
746,1.24,11.5,2.47,15,3D,Without Mesh,0,PLA
747,1.24,11.5,2.48,15,3D,Without Mesh,0,PLA
748,1.24,11.5,2.48,15,3D,Without Mesh,0,PLA
749,1.24,11.5,2.49,15,3D,Without Mesh,0,PLA
750,1.25,11.5,2.49,15,3D,Without Mesh,0,PLA
751,1.25,11.6,2.49,15,3D,Without Mesh,0,PLA
752,1.25,11.6,2.5,15,3D,Without Mesh,0,PLA
752,1.25,11.6,2.5,15,3D,Without Mesh,0,PLA
754,1.25,11.6,2.51,15,3D,Without Mesh,0,PLA
755,1.26,11.6,2.51,15,3D,Without Mesh,0,PLA
755,1.26,11.6,2.52,15,3D,Without Mesh,0,PLA
757,1.26,11.6,2.52,15,3D,Without Mesh,0,PLA
757,1.26,11.7,2.53,15,3D,Without Mesh,0,PLA
758,1.26,11.7,2.53,15,3D,Without Mesh,0,PLA
760,1.27,11.7,2.53,15,3D,Without Mesh,0,PLA
760,1.27,11.7,2.54,15,3D,Without Mesh,0,PLA
761,1.27,11.7,2.54,15,3D,Without Mesh,0,PLA
762,1.27,11.7,2.55,15,3D,Without Mesh,0,PLA
763,1.28,11.7,2.55,15,3D,Without Mesh,0,PLA
764,1.28,11.8,2.56,15,3D,Without Mesh,0,PLA
765,1.28,11.8,2.56,15,3D,Without Mesh,0,PLA
766,1.28,11.8,2.56,15,3D,Without Mesh,0,PLA
767,1.28,11.8,2.57,15,3D,Without Mesh,0,PLA
768,1.29,11.8,2.57,15,3D,Without Mesh,0,PLA
769,1.29,11.8,2.58,15,3D,Without Mesh,0,PLA
770,1.29,11.8,2.58,15,3D,Without Mesh,0,PLA
771,1.29,11.9,2.59,15,3D,Without Mesh,0,PLA
771,1.29,11.9,2.59,15,3D,Without Mesh,0,PLA
773,1.3,11.9,2.59,15,3D,Without Mesh,0,PLA
773,1.3,11.9,2.6,15,3D,Without Mesh,0,PLA
774,1.3,11.9,2.6,15,3D,Without Mesh,0,PLA
775,1.3,11.9,2.61,15,3D,Without Mesh,0,PLA
776,1.31,11.9,2.61,15,3D,Without Mesh,0,PLA
777,1.31,12,2.62,15,3D,Without Mesh,0,PLA
778,1.31,12,2.62,15,3D,Without Mesh,0,PLA
779,1.31,12,2.62,15,3D,Without Mesh,0,PLA
780,1.31,12,2.63,15,3D,Without Mesh,0,PLA
781,1.32,12,2.63,15,3D,Without Mesh,0,PLA
782,1.32,12,2.64,15,3D,Without Mesh,0,PLA
782,1.32,12,2.64,15,3D,Without Mesh,0,PLA
784,1.32,12.1,2.65,15,3D,Without Mesh,0,PLA
784,1.33,12.1,2.65,15,3D,Without Mesh,0,PLA
785,1.33,12.1,2.66,15,3D,Without Mesh,0,PLA
786,1.33,12.1,2.66,15,3D,Without Mesh,0,PLA
787,1.33,12.1,2.66,15,3D,Without Mesh,0,PLA
788,1.33,12.1,2.67,15,3D,Without Mesh,0,PLA
789,1.34,12.1,2.67,15,3D,Without Mesh,0,PLA
790,1.34,12.1,2.68,15,3D,Without Mesh,0,PLA
791,1.34,12.2,2.68,15,3D,Without Mesh,0,PLA
792,1.34,12.2,2.69,15,3D,Without Mesh,0,PLA
793,1.34,12.2,2.69,15,3D,Without Mesh,0,PLA
794,1.35,12.2,2.69,15,3D,Without Mesh,0,PLA
795,1.35,12.2,2.7,15,3D,Without Mesh,0,PLA
795,1.35,12.2,2.7,15,3D,Without Mesh,0,PLA
796,1.35,12.2,2.71,15,3D,Without Mesh,0,PLA
797,1.36,12.3,2.71,15,3D,Without Mesh,0,PLA
798,1.36,12.3,2.72,15,3D,Without Mesh,0,PLA
799,1.36,12.3,2.72,15,3D,Without Mesh,0,PLA
800,1.36,12.3,2.72,15,3D,Without Mesh,0,PLA
801,1.36,12.3,2.73,15,3D,Without Mesh,0,PLA
802,1.37,12.3,2.73,15,3D,Without Mesh,0,PLA
803,1.37,12.3,2.74,15,3D,Without Mesh,0,PLA
803,1.37,12.4,2.74,15,3D,Without Mesh,0,PLA
805,1.37,12.4,2.75,15,3D,Without Mesh,0,PLA
805,1.38,12.4,2.75,15,3D,Without Mesh,0,PLA
806,1.38,12.4,2.75,15,3D,Without Mesh,0,PLA
807,1.38,12.4,2.76,15,3D,Without Mesh,0,PLA
808,1.38,12.4,2.76,15,3D,Without Mesh,0,PLA
809,1.38,12.4,2.77,15,3D,Without Mesh,0,PLA
809,1.39,12.5,2.77,15,3D,Without Mesh,0,PLA
810,1.39,12.5,2.78,15,3D,Without Mesh,0,PLA
811,1.39,12.5,2.78,15,3D,Without Mesh,0,PLA
812,1.39,12.5,2.79,15,3D,Without Mesh,0,PLA
813,1.39,12.5,2.79,15,3D,Without Mesh,0,PLA
814,1.4,12.5,2.79,15,3D,Without Mesh,0,PLA
815,1.4,12.5,2.8,15,3D,Without Mesh,0,PLA
816,1.4,12.5,2.8,15,3D,Without Mesh,0,PLA
816,1.4,12.6,2.81,15,3D,Without Mesh,0,PLA
818,1.41,12.6,2.81,15,3D,Without Mesh,0,PLA
818,1.41,12.6,2.82,15,3D,Without Mesh,0,PLA
819,1.41,12.6,2.82,15,3D,Without Mesh,0,PLA
820,1.41,12.6,2.82,15,3D,Without Mesh,0,PLA
821,1.41,12.6,2.83,15,3D,Without Mesh,0,PLA
822,1.42,12.6,2.83,15,3D,Without Mesh,0,PLA
822,1.42,12.7,2.84,15,3D,Without Mesh,0,PLA
823,1.42,12.7,2.84,15,3D,Without Mesh,0,PLA
824,1.42,12.7,2.85,15,3D,Without Mesh,0,PLA
825,1.43,12.7,2.85,15,3D,Without Mesh,0,PLA
826,1.43,12.7,2.85,15,3D,Without Mesh,0,PLA
827,1.43,12.7,2.86,15,3D,Without Mesh,0,PLA
828,1.43,12.7,2.86,15,3D,Without Mesh,0,PLA
828,1.43,12.7,2.87,15,3D,Without Mesh,0,PLA
829,1.44,12.8,2.87,15,3D,Without Mesh,0,PLA
830,1.44,12.8,2.88,15,3D,Without Mesh,0,PLA
831,1.44,12.8,2.88,15,3D,Without Mesh,0,PLA
832,1.44,12.8,2.89,15,3D,Without Mesh,0,PLA
833,1.44,12.8,2.89,15,3D,Without Mesh,0,PLA
833,1.45,12.8,2.89,15,3D,Without Mesh,0,PLA
834,1.45,12.8,2.9,15,3D,Without Mesh,0,PLA
835,1.45,12.8,2.9,15,3D,Without Mesh,0,PLA
836,1.45,12.9,2.91,15,3D,Without Mesh,0,PLA
837,1.46,12.9,2.91,15,3D,Without Mesh,0,PLA
838,1.46,12.9,2.92,15,3D,Without Mesh,0,PLA
839,1.46,12.9,2.92,15,3D,Without Mesh,0,PLA
839,1.46,12.9,2.92,15,3D,Without Mesh,0,PLA
840,1.46,12.9,2.93,15,3D,Without Mesh,0,PLA
841,1.47,12.9,2.93,15,3D,Without Mesh,0,PLA
842,1.47,13,2.94,15,3D,Without Mesh,0,PLA
842,1.47,13,2.94,15,3D,Without Mesh,0,PLA
843,1.47,13,2.95,15,3D,Without Mesh,0,PLA
844,1.48,13,2.95,15,3D,Without Mesh,0,PLA
845,1.48,13,2.95,15,3D,Without Mesh,0,PLA
845,1.48,13,2.96,15,3D,Without Mesh,0,PLA
846,1.48,13,2.96,15,3D,Without Mesh,0,PLA
848,1.48,13,2.97,15,3D,Without Mesh,0,PLA
848,1.49,13,2.97,15,3D,Without Mesh,0,PLA
849,1.49,13.1,2.98,15,3D,Without Mesh,0,PLA
849,1.49,13.1,2.98,15,3D,Without Mesh,0,PLA
851,1.49,13.1,2.99,15,3D,Without Mesh,0,PLA
851,1.49,13.1,2.99,15,3D,Without Mesh,0,PLA
852,1.5,13.1,2.99,15,3D,Without Mesh,0,PLA
853,1.5,13.1,3,15,3D,Without Mesh,0,PLA
853,1.5,13.1,3,15,3D,Without Mesh,0,PLA
854,1.5,13.1,3.01,15,3D,Without Mesh,0,PLA
855,1.51,13.2,3.01,15,3D,Without Mesh,0,PLA
856,1.51,13.2,3.02,15,3D,Without Mesh,0,PLA
857,1.51,13.2,3.02,15,3D,Without Mesh,0,PLA
858,1.51,13.2,3.02,15,3D,Without Mesh,0,PLA
858,1.51,13.2,3.03,15,3D,Without Mesh,0,PLA
859,1.52,13.2,3.03,15,3D,Without Mesh,0,PLA
860,1.52,13.2,3.04,15,3D,Without Mesh,0,PLA
861,1.52,13.2,3.04,15,3D,Without Mesh,0,PLA
861,1.52,13.3,3.05,15,3D,Without Mesh,0,PLA
862,1.53,13.3,3.05,15,3D,Without Mesh,0,PLA
864,1.53,13.3,3.05,15,3D,Without Mesh,0,PLA
863,1.53,13.3,3.06,15,3D,Without Mesh,0,PLA
865,1.53,13.3,3.06,15,3D,Without Mesh,0,PLA
865,1.53,13.3,3.07,15,3D,Without Mesh,0,PLA
866,1.54,13.3,3.07,15,3D,Without Mesh,0,PLA
867,1.54,13.3,3.08,15,3D,Without Mesh,0,PLA
867,1.54,13.3,3.08,15,3D,Without Mesh,0,PLA
868,1.54,13.4,3.08,15,3D,Without Mesh,0,PLA
869,1.54,13.4,3.09,15,3D,Without Mesh,0,PLA
870,1.55,13.4,3.09,15,3D,Without Mesh,0,PLA
870,1.55,13.4,3.1,15,3D,Without Mesh,0,PLA
871,1.55,13.4,3.1,15,3D,Without Mesh,0,PLA
872,1.55,13.4,3.11,15,3D,Without Mesh,0,PLA
873,1.56,13.4,3.11,15,3D,Without Mesh,0,PLA
874,1.56,13.4,3.12,15,3D,Without Mesh,0,PLA
874,1.56,13.4,3.12,15,3D,Without Mesh,0,PLA
875,1.56,13.5,3.12,15,3D,Without Mesh,0,PLA
876,1.56,13.5,3.13,15,3D,Without Mesh,0,PLA
877,1.57,13.5,3.13,15,3D,Without Mesh,0,PLA
877,1.57,13.5,3.14,15,3D,Without Mesh,0,PLA
878,1.57,13.5,3.14,15,3D,Without Mesh,0,PLA
879,1.57,13.5,3.15,15,3D,Without Mesh,0,PLA
879,1.58,13.5,3.15,15,3D,Without Mesh,0,PLA
880,1.58,13.5,3.15,15,3D,Without Mesh,0,PLA
881,1.58,13.5,3.16,15,3D,Without Mesh,0,PLA
882,1.58,13.6,3.16,15,3D,Without Mesh,0,PLA
882,1.58,13.6,3.17,15,3D,Without Mesh,0,PLA
883,1.59,13.6,3.17,15,3D,Without Mesh,0,PLA
883,1.59,13.6,3.18,15,3D,Without Mesh,0,PLA
884,1.59,13.6,3.18,15,3D,Without Mesh,0,PLA
885,1.59,13.6,3.18,15,3D,Without Mesh,0,PLA
886,1.59,13.6,3.19,15,3D,Without Mesh,0,PLA
886,1.6,13.6,3.19,15,3D,Without Mesh,0,PLA
887,1.6,13.6,3.2,15,3D,Without Mesh,0,PLA
888,1.6,13.7,3.2,15,3D,Without Mesh,0,PLA
889,1.6,13.7,3.21,15,3D,Without Mesh,0,PLA
889,1.61,13.7,3.21,15,3D,Without Mesh,0,PLA
890,1.61,13.7,3.21,15,3D,Without Mesh,0,PLA
891,1.61,13.7,3.22,15,3D,Without Mesh,0,PLA
891,1.61,13.7,3.22,15,3D,Without Mesh,0,PLA
892,1.61,13.7,3.23,15,3D,Without Mesh,0,PLA
893,1.62,13.7,3.23,15,3D,Without Mesh,0,PLA
894,1.62,13.7,3.24,15,3D,Without Mesh,0,PLA
894,1.62,13.8,3.24,15,3D,Without Mesh,0,PLA
895,1.62,13.8,3.25,15,3D,Without Mesh,0,PLA
896,1.62,13.8,3.25,15,3D,Without Mesh,0,PLA
896,1.63,13.8,3.25,15,3D,Without Mesh,0,PLA
897,1.63,13.8,3.26,15,3D,Without Mesh,0,PLA
898,1.63,13.8,3.26,15,3D,Without Mesh,0,PLA
899,1.63,13.8,3.27,15,3D,Without Mesh,0,PLA
899,1.64,13.8,3.27,15,3D,Without Mesh,0,PLA
900,1.64,13.8,3.28,15,3D,Without Mesh,0,PLA
900,1.64,13.8,3.28,15,3D,Without Mesh,0,PLA
901,1.64,13.9,3.28,15,3D,Without Mesh,0,PLA
902,1.64,13.9,3.29,15,3D,Without Mesh,0,PLA
902,1.65,13.9,3.29,15,3D,Without Mesh,0,PLA
903,1.65,13.9,3.3,15,3D,Without Mesh,0,PLA
904,1.65,13.9,3.3,15,3D,Without Mesh,0,PLA
904,1.65,13.9,3.31,15,3D,Without Mesh,0,PLA
905,1.66,13.9,3.31,15,3D,Without Mesh,0,PLA
905,1.66,13.9,3.31,15,3D,Without Mesh,0,PLA
906,1.66,13.9,3.32,15,3D,Without Mesh,0,PLA
907,1.66,14,3.32,15,3D,Without Mesh,0,PLA
908,1.66,14,3.33,15,3D,Without Mesh,0,PLA
908,1.67,14,3.33,15,3D,Without Mesh,0,PLA
909,1.67,14,3.34,15,3D,Without Mesh,0,PLA
909,1.67,14,3.34,15,3D,Without Mesh,0,PLA
910,1.67,14,3.35,15,3D,Without Mesh,0,PLA
911,1.67,14,3.35,15,3D,Without Mesh,0,PLA
911,1.68,14,3.35,15,3D,Without Mesh,0,PLA
911,1.68,14,3.36,15,3D,Without Mesh,0,PLA
912,1.68,14,3.36,15,3D,Without Mesh,0,PLA
913,1.68,14,3.37,15,3D,Without Mesh,0,PLA
914,1.69,14.1,3.37,15,3D,Without Mesh,0,PLA
914,1.69,14.1,3.38,15,3D,Without Mesh,0,PLA
915,1.69,14.1,3.38,15,3D,Without Mesh,0,PLA
915,1.69,14.1,3.38,15,3D,Without Mesh,0,PLA
916,1.69,14.1,3.39,15,3D,Without Mesh,0,PLA
917,1.7,14.1,3.39,15,3D,Without Mesh,0,PLA
917,1.7,14.1,3.4,15,3D,Without Mesh,0,PLA
918,1.7,14.1,3.4,15,3D,Without Mesh,0,PLA
918,1.7,14.1,3.41,15,3D,Without Mesh,0,PLA
919,1.71,14.1,3.41,15,3D,Without Mesh,0,PLA
919,1.71,14.1,3.41,15,3D,Without Mesh,0,PLA
920,1.71,14.2,3.42,15,3D,Without Mesh,0,PLA
921,1.71,14.2,3.42,15,3D,Without Mesh,0,PLA
921,1.71,14.2,3.43,15,3D,Without Mesh,0,PLA
922,1.72,14.2,3.43,15,3D,Without Mesh,0,PLA
922,1.72,14.2,3.44,15,3D,Without Mesh,0,PLA
923,1.72,14.2,3.44,15,3D,Without Mesh,0,PLA
924,1.72,14.2,3.44,15,3D,Without Mesh,0,PLA
924,1.72,14.2,3.45,15,3D,Without Mesh,0,PLA
925,1.73,14.2,3.45,15,3D,Without Mesh,0,PLA
925,1.73,14.2,3.46,15,3D,Without Mesh,0,PLA
926,1.73,14.2,3.46,15,3D,Without Mesh,0,PLA
926,1.73,14.3,3.47,15,3D,Without Mesh,0,PLA
927,1.74,14.3,3.47,15,3D,Without Mesh,0,PLA
928,1.74,14.3,3.48,15,3D,Without Mesh,0,PLA
928,1.74,14.3,3.48,15,3D,Without Mesh,0,PLA
929,1.74,14.3,3.48,15,3D,Without Mesh,0,PLA
929,1.74,14.3,3.49,15,3D,Without Mesh,0,PLA
930,1.75,14.3,3.49,15,3D,Without Mesh,0,PLA
930,1.75,14.3,3.5,15,3D,Without Mesh,0,PLA
931,1.75,14.3,3.5,15,3D,Without Mesh,0,PLA
931,1.75,14.3,3.51,15,3D,Without Mesh,0,PLA
932,1.75,14.3,3.51,15,3D,Without Mesh,0,PLA
932,1.76,14.3,3.51,15,3D,Without Mesh,0,PLA
933,1.76,14.3,3.52,15,3D,Without Mesh,0,PLA
933,1.76,14.4,3.52,15,3D,Without Mesh,0,PLA
933,1.76,14.4,3.53,15,3D,Without Mesh,0,PLA
934,1.77,14.4,3.53,15,3D,Without Mesh,0,PLA
935,1.77,14.4,3.54,15,3D,Without Mesh,0,PLA
935,1.77,14.4,3.54,15,3D,Without Mesh,0,PLA
935,1.77,14.4,3.54,15,3D,Without Mesh,0,PLA
935,1.77,14.4,3.55,15,3D,Without Mesh,0,PLA
936,1.78,14.4,3.55,15,3D,Without Mesh,0,PLA
937,1.78,14.4,3.56,15,3D,Without Mesh,0,PLA
937,1.78,14.4,3.56,15,3D,Without Mesh,0,PLA
937,1.78,14.4,3.57,15,3D,Without Mesh,0,PLA
938,1.79,14.4,3.57,15,3D,Without Mesh,0,PLA
938,1.79,14.4,3.58,15,3D,Without Mesh,0,PLA
939,1.79,14.4,3.58,15,3D,Without Mesh,0,PLA
939,1.79,14.5,3.58,15,3D,Without Mesh,0,PLA
940,1.79,14.5,3.59,15,3D,Without Mesh,0,PLA
940,1.8,14.5,3.59,15,3D,Without Mesh,0,PLA
941,1.8,14.5,3.6,15,3D,Without Mesh,0,PLA
942,1.8,14.5,3.6,15,3D,Without Mesh,0,PLA
942,1.8,14.5,3.61,15,3D,Without Mesh,0,PLA
942,1.8,14.5,3.61,15,3D,Without Mesh,0,PLA
943,1.81,14.5,3.61,15,3D,Without Mesh,0,PLA
943,1.81,14.5,3.62,15,3D,Without Mesh,0,PLA
944,1.81,14.5,3.62,15,3D,Without Mesh,0,PLA
944,1.81,14.5,3.63,15,3D,Without Mesh,0,PLA
944,1.82,14.5,3.63,15,3D,Without Mesh,0,PLA
945,1.82,14.5,3.64,15,3D,Without Mesh,0,PLA
945,1.82,14.5,3.64,15,3D,Without Mesh,0,PLA
945,1.82,14.5,3.64,15,3D,Without Mesh,0,PLA
946,1.82,14.6,3.65,15,3D,Without Mesh,0,PLA
946,1.83,14.6,3.65,15,3D,Without Mesh,0,PLA
946,1.83,14.6,3.66,15,3D,Without Mesh,0,PLA
947,1.83,14.6,3.66,15,3D,Without Mesh,0,PLA
947,1.83,14.6,3.67,15,3D,Without Mesh,0,PLA
948,1.84,14.6,3.67,15,3D,Without Mesh,0,PLA
948,1.84,14.6,3.67,15,3D,Without Mesh,0,PLA
949,1.84,14.6,3.68,15,3D,Without Mesh,0,PLA
949,1.84,14.6,3.68,15,3D,Without Mesh,0,PLA
949,1.84,14.6,3.69,15,3D,Without Mesh,0,PLA
950,1.85,14.6,3.69,15,3D,Without Mesh,0,PLA
950,1.85,14.6,3.7,15,3D,Without Mesh,0,PLA
951,1.85,14.6,3.7,15,3D,Without Mesh,0,PLA
950,1.85,14.6,3.71,15,3D,Without Mesh,0,PLA
952,1.85,14.6,3.71,15,3D,Without Mesh,0,PLA
951,1.86,14.6,3.71,15,3D,Without Mesh,0,PLA
952,1.86,14.7,3.72,15,3D,Without Mesh,0,PLA
952,1.86,14.6,3.72,15,3D,Without Mesh,0,PLA
952,1.86,14.7,3.73,15,3D,Without Mesh,0,PLA
953,1.87,14.7,3.73,15,3D,Without Mesh,0,PLA
953,1.87,14.7,3.74,15,3D,Without Mesh,0,PLA
953,1.87,14.7,3.74,15,3D,Without Mesh,0,PLA
953,1.87,14.7,3.74,15,3D,Without Mesh,0,PLA
955,1.87,14.7,3.75,15,3D,Without Mesh,0,PLA
954,1.88,14.7,3.75,15,3D,Without Mesh,0,PLA
955,1.88,14.7,3.76,15,3D,Without Mesh,0,PLA
954,1.88,14.7,3.76,15,3D,Without Mesh,0,PLA
955,1.88,14.7,3.77,15,3D,Without Mesh,0,PLA
955,1.89,14.7,3.77,15,3D,Without Mesh,0,PLA
956,1.89,14.7,3.77,15,3D,Without Mesh,0,PLA
956,1.89,14.7,3.78,15,3D,Without Mesh,0,PLA
956,1.89,14.7,3.78,15,3D,Without Mesh,0,PLA
956,1.89,14.7,3.79,15,3D,Without Mesh,0,PLA
957,1.9,14.7,3.79,15,3D,Without Mesh,0,PLA
957,1.9,14.7,3.8,15,3D,Without Mesh,0,PLA
957,1.9,14.7,3.8,15,3D,Without Mesh,0,PLA
957,1.9,14.7,3.8,15,3D,Without Mesh,0,PLA
957,1.9,14.7,3.81,15,3D,Without Mesh,0,PLA
958,1.91,14.7,3.81,15,3D,Without Mesh,0,PLA
958,1.91,14.7,3.82,15,3D,Without Mesh,0,PLA
958,1.91,14.7,3.82,15,3D,Without Mesh,0,PLA
958,1.91,14.7,3.83,15,3D,Without Mesh,0,PLA
958,1.92,14.7,3.83,15,3D,Without Mesh,0,PLA
958,1.92,14.7,3.84,15,3D,Without Mesh,0,PLA
959,1.92,14.8,3.84,15,3D,Without Mesh,0,PLA
959,1.92,14.7,3.84,15,3D,Without Mesh,0,PLA
959,1.92,14.8,3.85,15,3D,Without Mesh,0,PLA
959,1.93,14.8,3.85,15,3D,Without Mesh,0,PLA
959,1.93,14.8,3.86,15,3D,Without Mesh,0,PLA
959,1.93,14.8,3.86,15,3D,Without Mesh,0,PLA
959,1.93,14.8,3.87,15,3D,Without Mesh,0,PLA
960,1.93,14.8,3.87,15,3D,Without Mesh,0,PLA
959,1.94,14.8,3.87,15,3D,Without Mesh,0,PLA
960,1.94,14.8,3.88,15,3D,Without Mesh,0,PLA
960,1.94,14.8,3.88,15,3D,Without Mesh,0,PLA
960,1.94,14.8,3.89,15,3D,Without Mesh,0,PLA
960,1.95,14.8,3.89,15,3D,Without Mesh,0,PLA
960,1.95,14.8,3.9,15,3D,Without Mesh,0,PLA
960,1.95,14.8,3.9,15,3D,Without Mesh,0,PLA
960,1.95,14.8,3.9,15,3D,Without Mesh,0,PLA
961,1.95,14.8,3.91,15,3D,Without Mesh,0,PLA
960,1.96,14.8,3.91,15,3D,Without Mesh,0,PLA
960,1.96,14.8,3.92,15,3D,Without Mesh,0,PLA
960,1.96,14.8,3.92,15,3D,Without Mesh,0,PLA
961,1.96,14.8,3.93,15,3D,Without Mesh,0,PLA
960,1.97,14.8,3.93,15,3D,Without Mesh,0,PLA
961,1.97,14.8,3.94,15,3D,Without Mesh,0,PLA
961,1.97,14.8,3.94,15,3D,Without Mesh,0,PLA
960,1.97,14.8,3.94,15,3D,Without Mesh,0,PLA
961,1.97,14.8,3.95,15,3D,Without Mesh,0,PLA
960,1.98,14.8,3.95,15,3D,Without Mesh,0,PLA
961,1.98,14.8,3.96,15,3D,Without Mesh,0,PLA
960,1.98,14.8,3.96,15,3D,Without Mesh,0,PLA
960,1.98,14.8,3.97,15,3D,Without Mesh,0,PLA
960,1.99,14.8,3.97,15,3D,Without Mesh,0,PLA
961,1.99,14.8,3.97,15,3D,Without Mesh,0,PLA
960,1.99,14.8,3.98,15,3D,Without Mesh,0,PLA
960,1.99,14.8,3.98,15,3D,Without Mesh,0,PLA
961,1.99,14.8,3.99,15,3D,Without Mesh,0,PLA
961,2,14.8,3.99,15,3D,Without Mesh,0,PLA
960,2,14.8,4,15,3D,Without Mesh,0,PLA
960,2,14.8,4,15,3D,Without Mesh,0,PLA
961,2,14.8,4,15,3D,Without Mesh,0,PLA
960,2,14.8,4.01,15,3D,Without Mesh,0,PLA
960,2.01,14.8,4.01,15,3D,Without Mesh,0,PLA
960,2.01,14.8,4.02,15,3D,Without Mesh,0,PLA
960,2.01,14.8,4.02,15,3D,Without Mesh,0,PLA
960,2.01,14.8,4.03,15,3D,Without Mesh,0,PLA
960,2.02,14.8,4.03,15,3D,Without Mesh,0,PLA
960,2.02,14.8,4.04,15,3D,Without Mesh,0,PLA
960,2.02,14.8,4.04,15,3D,Without Mesh,0,PLA
960,2.02,14.8,4.04,15,3D,Without Mesh,0,PLA
959,2.02,14.8,4.05,15,3D,Without Mesh,0,PLA
959,2.03,14.8,4.05,15,3D,Without Mesh,0,PLA
959,2.03,14.8,4.06,15,3D,Without Mesh,0,PLA
959,2.03,14.8,4.06,15,3D,Without Mesh,0,PLA
959,2.03,14.7,4.07,15,3D,Without Mesh,0,PLA
958,2.03,14.7,4.07,15,3D,Without Mesh,0,PLA
958,2.04,14.7,4.07,15,3D,Without Mesh,0,PLA
958,2.04,14.7,4.08,15,3D,Without Mesh,0,PLA
958,2.04,14.7,4.08,15,3D,Without Mesh,0,PLA
957,2.04,14.7,4.09,15,3D,Without Mesh,0,PLA
958,2.05,14.7,4.09,15,3D,Without Mesh,0,PLA
957,2.05,14.7,4.1,15,3D,Without Mesh,0,PLA
957,2.05,14.7,4.1,15,3D,Without Mesh,0,PLA
956,2.05,14.7,4.1,15,3D,Without Mesh,0,PLA
956,2.05,14.7,4.11,15,3D,Without Mesh,0,PLA
956,2.06,14.7,4.11,15,3D,Without Mesh,0,PLA
956,2.06,14.7,4.12,15,3D,Without Mesh,0,PLA
955,2.06,14.7,4.12,15,3D,Without Mesh,0,PLA
955,2.06,14.7,4.13,15,3D,Without Mesh,0,PLA
954,2.07,14.7,4.13,15,3D,Without Mesh,0,PLA
954,2.07,14.7,4.13,15,3D,Without Mesh,0,PLA
953,2.07,14.7,4.14,15,3D,Without Mesh,0,PLA
953,2.07,14.7,4.14,15,3D,Without Mesh,0,PLA
953,2.07,14.7,4.15,15,3D,Without Mesh,0,PLA
952,2.08,14.6,4.15,15,3D,Without Mesh,0,PLA
950,2.08,14.6,4.16,15,3D,Without Mesh,0,PLA
949,2.08,14.6,4.16,15,3D,Without Mesh,0,PLA
948,2.08,14.6,4.17,15,3D,Without Mesh,0,PLA
944,2.08,14.5,4.17,15,3D,Without Mesh,0,PLA
936,2.09,14.4,4.17,15,3D,Without Mesh,0,PLA
-90.3,2.09,-1.39,4.18,15,3D,Without Mesh,0,PLA
